run_id,time,station,count
0,0,mailly,10
0,1,mailly,11
0,2,mailly,11
0,3,mailly,10
0,4,mailly,11
0,5,mailly,11
0,6,mailly,12
0,7,mailly,13
0,8,mailly,13
0,9,mailly,14
0,10,mailly,14
0,11,mailly,14
0,12,mailly,13
0,13,mailly,13
0,14,mailly,12
0,15,mailly,12
0,16,mailly,12
0,17,mailly,11
0,18,mailly,12
0,19,mailly,12
0,20,mailly,11
0,21,mailly,10
0,22,mailly,9
0,23,mailly,9
0,24,mailly,9
0,25,mailly,9
0,26,mailly,9
0,27,mailly,9
0,28,mailly,10
0,29,mailly,10
0,30,mailly,9
0,31,mailly,8
0,32,mailly,9
0,33,mailly,9
0,34,mailly,8
0,35,mailly,9
0,36,mailly,8
0,37,mailly,7
0,38,mailly,6
0,39,mailly,6
0,40,mailly,6
0,41,mailly,5
0,42,mailly,4
0,43,mailly,3
0,44,mailly,4
0,45,mailly,5
0,46,mailly,5
0,47,mailly,6
0,48,mailly,6
0,49,mailly,5
0,50,mailly,5
0,51,mailly,6
0,52,mailly,7
0,53,mailly,6
0,54,mailly,7
0,55,mailly,8
0,56,mailly,9
0,57,mailly,9
0,58,mailly,9
0,59,mailly,9
0,60,mailly,10
0,61,mailly,10
0,62,mailly,10
0,63,mailly,10
0,64,mailly,9
0,65,mailly,9
0,66,mailly,9
0,67,mailly,9
0,68,mailly,9
0,69,mailly,8
0,70,mailly,8
0,71,mailly,9
0,72,mailly,10
0,73,mailly,9
0,74,mailly,10
0,75,mailly,10
0,76,mailly,10
0,77,mailly,11
0,78,mailly,11
0,79,mailly,11
0,80,mailly,11
0,81,mailly,10
0,82,mailly,10
0,83,mailly,9
0,84,mailly,8
0,85,mailly,8
0,86,mailly,7
0,87,mailly,7
0,88,mailly,8
0,89,mailly,8
0,90,mailly,8
0,91,mailly,9
0,92,mailly,10
0,93,mailly,9
0,94,mailly,9
0,95,mailly,10
0,96,mailly,9
0,97,mailly,9
0,98,mailly,9
0,99,mailly,9
0,100,mailly,9
0,101,mailly,10
0,102,mailly,10
0,103,mailly,10
0,104,mailly,9
0,105,mailly,10
0,106,mailly,10
0,107,mailly,9
0,108,mailly,10
0,109,mailly,9
0,110,mailly,8
0,111,mailly,8
0,112,mailly,8
0,113,mailly,7
0,114,mailly,7
0,115,mailly,7
0,116,mailly,7
0,117,mailly,7
0,118,mailly,7
0,119,mailly,6
0,120,mailly,6
0,121,mailly,6
0,122,mailly,6
0,123,mailly,5
0,124,mailly,5
0,125,mailly,5
0,126,mailly,5
0,127,mailly,4
0,128,mailly,5
0,129,mailly,6
0,130,mailly,6
0,131,mailly,7
0,132,mailly,7
0,133,mailly,7
0,134,mailly,6
0,135,mailly,7
0,136,mailly,8
0,137,mailly,7
0,138,mailly,6
0,139,mailly,6
0,140,mailly,7
0,141,mailly,7
0,142,mailly,7
0,143,mailly,7
0,144,mailly,7
0,145,mailly,7
0,146,mailly,6
0,147,mailly,6
0,148,mailly,7
0,149,mailly,6
0,150,mailly,6
0,151,mailly,5
0,152,mailly,6
0,153,mailly,5
0,154,mailly,4
0,155,mailly,3
0,156,mailly,2
0,157,mailly,2
0,158,mailly,3
0,159,mailly,3
0,160,mailly,3
0,161,mailly,4
0,162,mailly,3
0,163,mailly,3
0,164,mailly,2
0,165,mailly,3
0,166,mailly,4
0,167,mailly,3
0,168,mailly,3
0,169,mailly,3
0,170,mailly,3
0,171,mailly,2
0,172,mailly,3
0,173,mailly,3
0,174,mailly,3
0,175,mailly,3
0,176,mailly,3
0,177,mailly,4
0,178,mailly,3
0,179,mailly,3
0,180,mailly,3
0,181,mailly,3
0,182,mailly,3
0,183,mailly,4
0,184,mailly,3
0,185,mailly,3
0,186,mailly,3
0,187,mailly,2
0,188,mailly,1
0,189,mailly,2
0,190,mailly,2
0,191,mailly,3
0,192,mailly,3
0,193,mailly,3
0,194,mailly,3
0,195,mailly,3
0,196,mailly,3
0,197,mailly,2
0,198,mailly,1
0,199,mailly,1
0,200,mailly,1
0,201,mailly,1
0,202,mailly,0
0,203,mailly,0
0,204,mailly,0
0,205,mailly,0
0,206,mailly,0
0,207,mailly,0
0,208,mailly,1
0,209,mailly,2
0,210,mailly,1
0,211,mailly,0
0,212,mailly,0
0,213,mailly,1
0,214,mailly,1
0,215,mailly,2
0,216,mailly,2
0,217,mailly,3
0,218,mailly,3
0,219,mailly,3
0,220,mailly,3
0,221,mailly,3
0,222,mailly,3
0,223,mailly,3
0,224,mailly,3
0,225,mailly,2
0,226,mailly,3
0,227,mailly,2
0,228,mailly,1
0,229,mailly,1
0,230,mailly,2
0,231,mailly,2
0,232,mailly,1
0,233,mailly,1
0,234,mailly,2
0,235,mailly,2
0,236,mailly,3
0,237,mailly,3
0,238,mailly,2
0,239,mailly,1
0,240,mailly,0
0,241,mailly,0
0,242,mailly,1
0,243,mailly,2
0,244,mailly,2
0,245,mailly,2
0,246,mailly,1
0,247,mailly,0
0,248,mailly,0
0,249,mailly,1
0,250,mailly,2
0,251,mailly,3
0,252,mailly,3
0,253,mailly,2
0,254,mailly,2
0,255,mailly,1
0,256,mailly,0
0,257,mailly,0
0,258,mailly,0
0,259,mailly,0
0,260,mailly,1
0,261,mailly,1
0,262,mailly,1
0,263,mailly,2
0,264,mailly,1
0,265,mailly,1
0,266,mailly,1
0,267,mailly,1
0,268,mailly,2
0,269,mailly,2
0,270,mailly,3
0,271,mailly,3
0,272,mailly,3
0,273,mailly,3
0,274,mailly,4
0,275,mailly,4
0,276,mailly,5
0,277,mailly,5
0,278,mailly,5
0,279,mailly,5
0,280,mailly,4
0,281,mailly,5
0,282,mailly,4
0,283,mailly,4
0,284,mailly,4
0,285,mailly,4
0,286,mailly,4
0,287,mailly,4
0,288,mailly,4
0,289,mailly,4
0,290,mailly,3
0,291,mailly,4
0,292,mailly,3
0,293,mailly,3
0,294,mailly,3
0,295,mailly,3
0,296,mailly,2
0,297,mailly,2
0,298,mailly,2
0,299,mailly,3
0,300,mailly,3
0,301,mailly,2
0,302,mailly,3
0,303,mailly,4
0,304,mailly,3
0,305,mailly,3
0,306,mailly,3
0,307,mailly,3
0,308,mailly,3
0,309,mailly,2
0,310,mailly,2
0,311,mailly,2
0,312,mailly,3
0,313,mailly,3
0,314,mailly,2
0,315,mailly,1
0,316,mailly,1
0,317,mailly,1
0,318,mailly,0
0,319,mailly,0
0,320,mailly,0
0,321,mailly,1
0,322,mailly,1
0,323,mailly,1
0,324,mailly,0
0,325,mailly,0
0,326,mailly,0
0,327,mailly,1
0,328,mailly,0
0,329,mailly,1
0,330,mailly,1
0,331,mailly,0
0,332,mailly,1
0,333,mailly,1
0,334,mailly,1
0,335,mailly,2
0,336,mailly,2
0,337,mailly,2
0,338,mailly,1
0,339,mailly,2
0,340,mailly,2
0,341,mailly,1
0,342,mailly,1
0,343,mailly,1
0,344,mailly,0
0,345,mailly,0
0,346,mailly,0
0,347,mailly,0
0,348,mailly,1
0,349,mailly,2
0,350,mailly,1
0,351,mailly,2
0,352,mailly,1
0,353,mailly,1
0,354,mailly,2
0,355,mailly,2
0,356,mailly,3
0,357,mailly,3
0,358,mailly,3
0,359,mailly,3
0,360,mailly,3
0,361,mailly,4
0,362,mailly,4
0,363,mailly,5
0,364,mailly,5
0,365,mailly,5
0,366,mailly,5
0,367,mailly,6
0,368,mailly,7
0,369,mailly,6
0,370,mailly,7
0,371,mailly,7
0,372,mailly,8
0,373,mailly,8
0,374,mailly,8
0,375,mailly,7
0,376,mailly,7
0,377,mailly,7
0,378,mailly,6
0,379,mailly,5
0,380,mailly,5
0,381,mailly,6
0,382,mailly,7
0,383,mailly,7
0,384,mailly,6
0,385,mailly,6
0,386,mailly,5
0,387,mailly,6
0,388,mailly,7
0,389,mailly,7
0,390,mailly,8
0,391,mailly,7
0,392,mailly,7
0,393,mailly,8
0,394,mailly,9
0,395,mailly,9
0,396,mailly,9
0,397,mailly,9
0,398,mailly,8
0,399,mailly,8
0,400,mailly,8
0,401,mailly,7
0,402,mailly,7
0,403,mailly,7
0,404,mailly,7
0,405,mailly,7
0,406,mailly,8
0,407,mailly,8
0,408,mailly,7
0,409,mailly,7
0,410,mailly,8
0,411,mailly,7
0,412,mailly,7
0,413,mailly,6
0,414,mailly,5
0,415,mailly,5
0,416,mailly,6
0,417,mailly,7
0,418,mailly,8
0,419,mailly,8
0,420,mailly,9
0,421,mailly,10
0,422,mailly,9
0,423,mailly,9
0,424,mailly,9
0,425,mailly,8
0,426,mailly,8
0,427,mailly,8
0,428,mailly,7
0,429,mailly,7
0,430,mailly,7
0,431,mailly,7
0,432,mailly,7
0,433,mailly,7
0,434,mailly,8
0,435,mailly,8
0,436,mailly,8
0,437,mailly,7
0,438,mailly,7
0,439,mailly,7
0,440,mailly,6
0,441,mailly,6
0,442,mailly,5
0,443,mailly,5
0,444,mailly,5
0,445,mailly,5
0,446,mailly,4
0,447,mailly,3
0,448,mailly,3
0,449,mailly,4
0,450,mailly,4
0,451,mailly,4
0,452,mailly,5
0,453,mailly,4
0,454,mailly,3
0,455,mailly,3
0,456,mailly,3
0,457,mailly,3
0,458,mailly,4
0,459,mailly,3
0,460,mailly,3
0,461,mailly,2
0,462,mailly,2
0,463,mailly,3
0,464,mailly,4
0,465,mailly,4
0,466,mailly,3
0,467,mailly,3
0,468,mailly,3
0,469,mailly,3
0,470,mailly,4
0,471,mailly,4
0,472,mailly,4
0,473,mailly,4
0,474,mailly,5
0,475,mailly,6
0,476,mailly,7
0,477,mailly,7
0,478,mailly,7
0,479,mailly,8
0,480,mailly,7
0,481,mailly,7
0,482,mailly,7
0,483,mailly,7
0,484,mailly,7
0,485,mailly,7
0,486,mailly,6
0,487,mailly,6
0,488,mailly,5
0,489,mailly,6
0,490,mailly,6
0,491,mailly,6
0,492,mailly,6
0,493,mailly,7
0,494,mailly,6
0,495,mailly,5
0,496,mailly,4
0,497,mailly,3
0,498,mailly,3
0,499,mailly,2
0,500,mailly,2
0,501,mailly,2
0,502,mailly,2
0,503,mailly,2
0,504,mailly,2
0,505,mailly,1
0,506,mailly,0
0,507,mailly,0
0,508,mailly,0
0,509,mailly,1
0,510,mailly,2
0,511,mailly,3
0,512,mailly,4
0,513,mailly,3
0,514,mailly,4
0,515,mailly,5
0,516,mailly,4
0,517,mailly,4
0,518,mailly,4
0,519,mailly,5
0,520,mailly,5
0,521,mailly,4
0,522,mailly,4
0,523,mailly,5
0,524,mailly,5
0,525,mailly,5
0,526,mailly,5
0,527,mailly,5
0,528,mailly,6
0,529,mailly,7
0,530,mailly,7
0,531,mailly,7
0,532,mailly,6
0,533,mailly,6
0,534,mailly,6
0,535,mailly,5
0,536,mailly,5
0,537,mailly,5
0,538,mailly,5
0,539,mailly,5
0,540,mailly,6
0,541,mailly,6
0,542,mailly,6
0,543,mailly,5
0,544,mailly,5
0,545,mailly,4
0,546,mailly,4
0,547,mailly,4
0,548,mailly,5
0,549,mailly,6
0,550,mailly,7
0,551,mailly,7
0,552,mailly,7
0,553,mailly,6
0,554,mailly,6
0,555,mailly,6
0,556,mailly,7
0,557,mailly,7
0,558,mailly,7
0,559,mailly,7
0,560,mailly,7
0,561,mailly,7
0,562,mailly,8
0,563,mailly,9
0,564,mailly,8
0,565,mailly,8
0,566,mailly,8
0,567,mailly,8
0,568,mailly,8
0,569,mailly,7
0,570,mailly,7
0,571,mailly,8
0,572,mailly,8
0,573,mailly,8
0,574,mailly,7
0,575,mailly,7
0,576,mailly,8
0,577,mailly,8
0,578,mailly,8
0,579,mailly,9
0,580,mailly,9
0,581,mailly,9
0,582,mailly,10
0,583,mailly,10
0,584,mailly,9
0,585,mailly,9
0,586,mailly,9
0,587,mailly,9
0,588,mailly,8
0,589,mailly,8
0,590,mailly,8
0,591,mailly,8
0,592,mailly,7
0,593,mailly,7
0,594,mailly,6
0,595,mailly,7
0,596,mailly,7
0,597,mailly,6
0,598,mailly,6
0,599,mailly,5
0,600,mailly,4
0,601,mailly,4
0,602,mailly,4
0,603,mailly,5
0,604,mailly,5
0,605,mailly,4
0,606,mailly,4
0,607,mailly,5
0,608,mailly,5
0,609,mailly,5
0,610,mailly,6
0,611,mailly,6
0,612,mailly,6
0,613,mailly,6
0,614,mailly,5
0,615,mailly,5
0,616,mailly,5
0,617,mailly,6
0,618,mailly,7
0,619,mailly,8
0,620,mailly,8
0,621,mailly,8
0,622,mailly,8
0,623,mailly,8
0,624,mailly,8
0,625,mailly,8
0,626,mailly,8
0,627,mailly,9
0,628,mailly,10
0,629,mailly,9
0,630,mailly,9
0,631,mailly,9
0,632,mailly,9
0,633,mailly,8
0,634,mailly,9
0,635,mailly,9
0,636,mailly,8
0,637,mailly,8
0,638,mailly,9
0,639,mailly,10
0,640,mailly,11
0,641,mailly,11
0,642,mailly,10
0,643,mailly,11
0,644,mailly,10
0,645,mailly,10
0,646,mailly,11
0,647,mailly,12
0,648,mailly,13
0,649,mailly,13
0,650,mailly,13
0,651,mailly,12
0,652,mailly,13
0,653,mailly,13
0,654,mailly,13
0,655,mailly,12
0,656,mailly,12
0,657,mailly,12
0,658,mailly,13
0,659,mailly,14
0,660,mailly,14
0,661,mailly,13
0,662,mailly,13
0,663,mailly,14
0,664,mailly,14
0,665,mailly,15
0,666,mailly,14
0,667,mailly,13
0,668,mailly,13
0,669,mailly,12
0,670,mailly,11
0,671,mailly,10
0,672,mailly,10
0,673,mailly,10
0,674,mailly,10
0,675,mailly,11
0,676,mailly,11
0,677,mailly,11
0,678,mailly,10
0,679,mailly,10
0,680,mailly,11
0,681,mailly,12
0,682,mailly,13
0,683,mailly,14
0,684,mailly,13
0,685,mailly,12
0,686,mailly,12
0,687,mailly,12
0,688,mailly,12
0,689,mailly,12
0,690,mailly,12
0,691,mailly,12
0,692,mailly,13
0,693,mailly,12
0,694,mailly,11
0,695,mailly,11
0,696,mailly,12
0,697,mailly,12
0,698,mailly,11
0,699,mailly,10
0,700,mailly,11
0,701,mailly,12
0,702,mailly,12
0,703,mailly,12
0,704,mailly,13
0,705,mailly,13
0,706,mailly,13
0,707,mailly,12
0,708,mailly,12
0,709,mailly,13
0,710,mailly,14
0,711,mailly,13
0,712,mailly,14
0,713,mailly,15
0,714,mailly,15
0,715,mailly,15
0,716,mailly,15
0,717,mailly,15
0,718,mailly,14
0,719,mailly,14
0,720,mailly,15
0,721,mailly,15
0,722,mailly,15
0,723,mailly,15
0,724,mailly,14
0,725,mailly,14
0,726,mailly,14
0,727,mailly,14
0,728,mailly,13
0,729,mailly,12
0,730,mailly,12
0,731,mailly,11
0,732,mailly,11
0,733,mailly,12
0,734,mailly,13
0,735,mailly,12
0,736,mailly,12
0,737,mailly,11
0,738,mailly,11
0,739,mailly,10
0,740,mailly,10
0,741,mailly,10
0,742,mailly,11
0,743,mailly,11
0,744,mailly,10
0,745,mailly,10
0,746,mailly,10
0,747,mailly,10
0,748,mailly,10
0,749,mailly,10
0,750,mailly,10
0,751,mailly,10
0,752,mailly,10
0,753,mailly,9
0,754,mailly,9
0,755,mailly,9
0,756,mailly,9
0,757,mailly,9
0,758,mailly,9
0,759,mailly,8
0,760,mailly,8
0,761,mailly,8
0,762,mailly,9
0,763,mailly,8
0,764,mailly,8
0,765,mailly,9
0,766,mailly,8
0,767,mailly,8
0,768,mailly,7
0,769,mailly,8
0,770,mailly,7
0,771,mailly,7
0,772,mailly,7
0,773,mailly,6
0,774,mailly,7
0,775,mailly,7
0,776,mailly,7
0,777,mailly,7
0,778,mailly,7
0,779,mailly,8
0,780,mailly,8
0,781,mailly,9
0,782,mailly,10
0,783,mailly,10
0,784,mailly,9
0,785,mailly,10
0,786,mailly,10
0,787,mailly,10
0,788,mailly,9
0,789,mailly,10
0,790,mailly,9
0,791,mailly,10
0,792,mailly,11
0,793,mailly,12
0,794,mailly,12
0,795,mailly,11
0,796,mailly,11
0,797,mailly,11
0,798,mailly,11
0,799,mailly,11
0,800,mailly,10
0,801,mailly,10
0,802,mailly,9
0,803,mailly,8
0,804,mailly,8
0,805,mailly,8
0,806,mailly,8
0,807,mailly,8
0,808,mailly,9
0,809,mailly,9
0,810,mailly,10
0,811,mailly,10
0,812,mailly,10
0,813,mailly,10
0,814,mailly,10
0,815,mailly,10
0,816,mailly,10
0,817,mailly,11
0,818,mailly,10
0,819,mailly,10
0,820,mailly,10
0,821,mailly,10
0,822,mailly,10
0,823,mailly,9
0,824,mailly,9
0,825,mailly,10
0,826,mailly,11
0,827,mailly,10
0,828,mailly,10
0,829,mailly,9
0,830,mailly,9
0,831,mailly,9
0,832,mailly,9
0,833,mailly,8
0,834,mailly,7
0,835,mailly,8
0,836,mailly,8
0,837,mailly,8
0,838,mailly,8
0,839,mailly,8
0,840,mailly,9
0,841,mailly,9
0,842,mailly,9
0,843,mailly,9
0,844,mailly,10
0,845,mailly,11
0,846,mailly,10
0,847,mailly,10
0,848,mailly,10
0,849,mailly,10
0,850,mailly,9
0,851,mailly,9
0,852,mailly,8
0,853,mailly,8
0,854,mailly,7
0,855,mailly,7
0,856,mailly,7
0,857,mailly,6
0,858,mailly,6
0,859,mailly,6
0,860,mailly,5
0,861,mailly,4
0,862,mailly,4
0,863,mailly,4
0,864,mailly,4
0,865,mailly,4
0,866,mailly,5
0,867,mailly,6
0,868,mailly,5
0,869,mailly,6
0,870,mailly,6
0,871,mailly,5
0,872,mailly,5
0,873,mailly,5
0,874,mailly,6
0,875,mailly,6
0,876,mailly,5
0,877,mailly,6
0,878,mailly,7
0,879,mailly,8
0,880,mailly,7
0,881,mailly,7
0,882,mailly,6
0,883,mailly,7
0,884,mailly,7
0,885,mailly,6
0,886,mailly,6
0,887,mailly,7
0,888,mailly,7
0,889,mailly,7
0,890,mailly,7
0,891,mailly,8
0,892,mailly,8
0,893,mailly,8
0,894,mailly,8
0,895,mailly,8
0,896,mailly,8
0,897,mailly,8
0,898,mailly,8
0,899,mailly,8
0,900,mailly,9
0,901,mailly,8
0,902,mailly,7
0,903,mailly,7
0,904,mailly,6
0,905,mailly,7
0,906,mailly,7
0,907,mailly,7
0,908,mailly,7
0,909,mailly,7
0,910,mailly,7
0,911,mailly,7
0,912,mailly,6
0,913,mailly,6
0,914,mailly,6
0,915,mailly,5
0,916,mailly,5
0,917,mailly,4
0,918,mailly,4
0,919,mailly,3
0,920,mailly,2
0,921,mailly,2
0,922,mailly,2
0,923,mailly,1
0,924,mailly,1
0,925,mailly,2
0,926,mailly,2
0,927,mailly,3
0,928,mailly,2
0,929,mailly,2
0,930,mailly,2
0,931,mailly,2
0,932,mailly,2
0,933,mailly,2
0,934,mailly,1
0,935,mailly,2
0,936,mailly,2
0,937,mailly,2
0,938,mailly,1
0,939,mailly,1
0,940,mailly,1
0,941,mailly,2
0,942,mailly,1
0,943,mailly,0
0,944,mailly,1
0,945,mailly,2
0,946,mailly,1
0,947,mailly,1
0,948,mailly,0
0,949,mailly,1
0,950,mailly,1
0,951,mailly,0
0,952,mailly,1
0,953,mailly,0
0,954,mailly,0
0,955,mailly,0
0,956,mailly,0
0,957,mailly,1
0,958,mailly,1
0,959,mailly,0
0,960,mailly,1
0,961,mailly,0
0,962,mailly,1
0,963,mailly,1
0,964,mailly,2
0,965,mailly,2
0,966,mailly,2
0,967,mailly,2
0,968,mailly,3
0,969,mailly,4
0,970,mailly,4
0,971,mailly,3
0,972,mailly,3
0,973,mailly,2
0,974,mailly,3
0,975,mailly,3
0,976,mailly,4
0,977,mailly,3
0,978,mailly,3
0,979,mailly,3
0,980,mailly,2
0,981,mailly,2
0,982,mailly,2
0,983,mailly,3
0,984,mailly,3
0,985,mailly,2
0,986,mailly,2
0,987,mailly,3
0,988,mailly,2
0,989,mailly,3
0,990,mailly,3
0,991,mailly,3
0,992,mailly,3
0,993,mailly,3
0,994,mailly,4
0,995,mailly,5
0,996,mailly,6
0,997,mailly,5
0,998,mailly,5
0,999,mailly,5
0,1000,mailly,5
0,0,moulin,5
0,1,moulin,4
0,2,moulin,4
0,3,moulin,5
0,4,moulin,4
0,5,moulin,4
0,6,moulin,3
0,7,moulin,2
0,8,moulin,2
0,9,moulin,1
0,10,moulin,1
0,11,moulin,1
0,12,moulin,2
0,13,moulin,2
0,14,moulin,3
0,15,moulin,3
0,16,moulin,3
0,17,moulin,4
0,18,moulin,3
0,19,moulin,3
0,20,moulin,4
0,21,moulin,5
0,22,moulin,6
0,23,moulin,6
0,24,moulin,6
0,25,moulin,6
0,26,moulin,6
0,27,moulin,6
0,28,moulin,5
0,29,moulin,5
0,30,moulin,6
0,31,moulin,7
0,32,moulin,6
0,33,moulin,6
0,34,moulin,7
0,35,moulin,6
0,36,moulin,7
0,37,moulin,8
0,38,moulin,9
0,39,moulin,9
0,40,moulin,9
0,41,moulin,10
0,42,moulin,11
0,43,moulin,12
0,44,moulin,11
0,45,moulin,10
0,46,moulin,10
0,47,moulin,9
0,48,moulin,9
0,49,moulin,10
0,50,moulin,10
0,51,moulin,9
0,52,moulin,8
0,53,moulin,9
0,54,moulin,8
0,55,moulin,7
0,56,moulin,6
0,57,moulin,6
0,58,moulin,6
0,59,moulin,6
0,60,moulin,5
0,61,moulin,5
0,62,moulin,5
0,63,moulin,5
0,64,moulin,6
0,65,moulin,6
0,66,moulin,6
0,67,moulin,6
0,68,moulin,6
0,69,moulin,7
0,70,moulin,7
0,71,moulin,6
0,72,moulin,5
0,73,moulin,6
0,74,moulin,5
0,75,moulin,5
0,76,moulin,5
0,77,moulin,4
0,78,moulin,4
0,79,moulin,4
0,80,moulin,4
0,81,moulin,5
0,82,moulin,5
0,83,moulin,6
0,84,moulin,7
0,85,moulin,7
0,86,moulin,8
0,87,moulin,8
0,88,moulin,7
0,89,moulin,7
0,90,moulin,7
0,91,moulin,6
0,92,moulin,5
0,93,moulin,6
0,94,moulin,6
0,95,moulin,5
0,96,moulin,6
0,97,moulin,6
0,98,moulin,6
0,99,moulin,6
0,100,moulin,6
0,101,moulin,5
0,102,moulin,5
0,103,moulin,5
0,104,moulin,6
0,105,moulin,5
0,106,moulin,5
0,107,moulin,6
0,108,moulin,5
0,109,moulin,6
0,110,moulin,7
0,111,moulin,7
0,112,moulin,7
0,113,moulin,8
0,114,moulin,8
0,115,moulin,8
0,116,moulin,8
0,117,moulin,8
0,118,moulin,8
0,119,moulin,9
0,120,moulin,9
0,121,moulin,9
0,122,moulin,9
0,123,moulin,10
0,124,moulin,10
0,125,moulin,10
0,126,moulin,10
0,127,moulin,11
0,128,moulin,10
0,129,moulin,9
0,130,moulin,9
0,131,moulin,8
0,132,moulin,8
0,133,moulin,8
0,134,moulin,9
0,135,moulin,8
0,136,moulin,7
0,137,moulin,8
0,138,moulin,9
0,139,moulin,9
0,140,moulin,8
0,141,moulin,8
0,142,moulin,8
0,143,moulin,8
0,144,moulin,8
0,145,moulin,8
0,146,moulin,9
0,147,moulin,9
0,148,moulin,8
0,149,moulin,9
0,150,moulin,9
0,151,moulin,10
0,152,moulin,9
0,153,moulin,10
0,154,moulin,11
0,155,moulin,12
0,156,moulin,13
0,157,moulin,13
0,158,moulin,12
0,159,moulin,12
0,160,moulin,12
0,161,moulin,11
0,162,moulin,12
0,163,moulin,12
0,164,moulin,13
0,165,moulin,12
0,166,moulin,11
0,167,moulin,12
0,168,moulin,12
0,169,moulin,12
0,170,moulin,12
0,171,moulin,13
0,172,moulin,12
0,173,moulin,12
0,174,moulin,12
0,175,moulin,12
0,176,moulin,12
0,177,moulin,11
0,178,moulin,12
0,179,moulin,12
0,180,moulin,12
0,181,moulin,12
0,182,moulin,12
0,183,moulin,11
0,184,moulin,12
0,185,moulin,12
0,186,moulin,12
0,187,moulin,13
0,188,moulin,14
0,189,moulin,13
0,190,moulin,13
0,191,moulin,12
0,192,moulin,12
0,193,moulin,12
0,194,moulin,12
0,195,moulin,12
0,196,moulin,12
0,197,moulin,13
0,198,moulin,14
0,199,moulin,14
0,200,moulin,14
0,201,moulin,14
0,202,moulin,15
0,203,moulin,15
0,204,moulin,15
0,205,moulin,15
0,206,moulin,15
0,207,moulin,15
0,208,moulin,14
0,209,moulin,13
0,210,moulin,14
0,211,moulin,15
0,212,moulin,15
0,213,moulin,14
0,214,moulin,14
0,215,moulin,13
0,216,moulin,13
0,217,moulin,12
0,218,moulin,12
0,219,moulin,12
0,220,moulin,12
0,221,moulin,12
0,222,moulin,12
0,223,moulin,12
0,224,moulin,12
0,225,moulin,13
0,226,moulin,12
0,227,moulin,13
0,228,moulin,14
0,229,moulin,14
0,230,moulin,13
0,231,moulin,13
0,232,moulin,14
0,233,moulin,14
0,234,moulin,13
0,235,moulin,13
0,236,moulin,12
0,237,moulin,12
0,238,moulin,13
0,239,moulin,14
0,240,moulin,15
0,241,moulin,15
0,242,moulin,14
0,243,moulin,13
0,244,moulin,13
0,245,moulin,13
0,246,moulin,14
0,247,moulin,15
0,248,moulin,15
0,249,moulin,14
0,250,moulin,13
0,251,moulin,12
0,252,moulin,12
0,253,moulin,13
0,254,moulin,13
0,255,moulin,14
0,256,moulin,15
0,257,moulin,15
0,258,moulin,15
0,259,moulin,15
0,260,moulin,14
0,261,moulin,14
0,262,moulin,14
0,263,moulin,13
0,264,moulin,14
0,265,moulin,14
0,266,moulin,14
0,267,moulin,14
0,268,moulin,13
0,269,moulin,13
0,270,moulin,12
0,271,moulin,12
0,272,moulin,12
0,273,moulin,12
0,274,moulin,11
0,275,moulin,11
0,276,moulin,10
0,277,moulin,10
0,278,moulin,10
0,279,moulin,10
0,280,moulin,11
0,281,moulin,10
0,282,moulin,11
0,283,moulin,11
0,284,moulin,11
0,285,moulin,11
0,286,moulin,11
0,287,moulin,11
0,288,moulin,11
0,289,moulin,11
0,290,moulin,12
0,291,moulin,11
0,292,moulin,12
0,293,moulin,12
0,294,moulin,12
0,295,moulin,12
0,296,moulin,13
0,297,moulin,13
0,298,moulin,13
0,299,moulin,12
0,300,moulin,12
0,301,moulin,13
0,302,moulin,12
0,303,moulin,11
0,304,moulin,12
0,305,moulin,12
0,306,moulin,12
0,307,moulin,12
0,308,moulin,12
0,309,moulin,13
0,310,moulin,13
0,311,moulin,13
0,312,moulin,12
0,313,moulin,12
0,314,moulin,13
0,315,moulin,14
0,316,moulin,14
0,317,moulin,14
0,318,moulin,15
0,319,moulin,15
0,320,moulin,15
0,321,moulin,14
0,322,moulin,14
0,323,moulin,14
0,324,moulin,15
0,325,moulin,15
0,326,moulin,15
0,327,moulin,14
0,328,moulin,15
0,329,moulin,14
0,330,moulin,14
0,331,moulin,15
0,332,moulin,14
0,333,moulin,14
0,334,moulin,14
0,335,moulin,13
0,336,moulin,13
0,337,moulin,13
0,338,moulin,14
0,339,moulin,13
0,340,moulin,13
0,341,moulin,14
0,342,moulin,14
0,343,moulin,14
0,344,moulin,15
0,345,moulin,15
0,346,moulin,15
0,347,moulin,15
0,348,moulin,14
0,349,moulin,13
0,350,moulin,14
0,351,moulin,13
0,352,moulin,14
0,353,moulin,14
0,354,moulin,13
0,355,moulin,13
0,356,moulin,12
0,357,moulin,12
0,358,moulin,12
0,359,moulin,12
0,360,moulin,12
0,361,moulin,11
0,362,moulin,11
0,363,moulin,10
0,364,moulin,10
0,365,moulin,10
0,366,moulin,10
0,367,moulin,9
0,368,moulin,8
0,369,moulin,9
0,370,moulin,8
0,371,moulin,8
0,372,moulin,7
0,373,moulin,7
0,374,moulin,7
0,375,moulin,8
0,376,moulin,8
0,377,moulin,8
0,378,moulin,9
0,379,moulin,10
0,380,moulin,10
0,381,moulin,9
0,382,moulin,8
0,383,moulin,8
0,384,moulin,9
0,385,moulin,9
0,386,moulin,10
0,387,moulin,9
0,388,moulin,8
0,389,moulin,8
0,390,moulin,7
0,391,moulin,8
0,392,moulin,8
0,393,moulin,7
0,394,moulin,6
0,395,moulin,6
0,396,moulin,6
0,397,moulin,6
0,398,moulin,7
0,399,moulin,7
0,400,moulin,7
0,401,moulin,8
0,402,moulin,8
0,403,moulin,8
0,404,moulin,8
0,405,moulin,8
0,406,moulin,7
0,407,moulin,7
0,408,moulin,8
0,409,moulin,8
0,410,moulin,7
0,411,moulin,8
0,412,moulin,8
0,413,moulin,9
0,414,moulin,10
0,415,moulin,10
0,416,moulin,9
0,417,moulin,8
0,418,moulin,7
0,419,moulin,7
0,420,moulin,6
0,421,moulin,5
0,422,moulin,6
0,423,moulin,6
0,424,moulin,6
0,425,moulin,7
0,426,moulin,7
0,427,moulin,7
0,428,moulin,8
0,429,moulin,8
0,430,moulin,8
0,431,moulin,8
0,432,moulin,8
0,433,moulin,8
0,434,moulin,7
0,435,moulin,7
0,436,moulin,7
0,437,moulin,8
0,438,moulin,8
0,439,moulin,8
0,440,moulin,9
0,441,moulin,9
0,442,moulin,10
0,443,moulin,10
0,444,moulin,10
0,445,moulin,10
0,446,moulin,11
0,447,moulin,12
0,448,moulin,12
0,449,moulin,11
0,450,moulin,11
0,451,moulin,11
0,452,moulin,10
0,453,moulin,11
0,454,moulin,12
0,455,moulin,12
0,456,moulin,12
0,457,moulin,12
0,458,moulin,11
0,459,moulin,12
0,460,moulin,12
0,461,moulin,13
0,462,moulin,13
0,463,moulin,12
0,464,moulin,11
0,465,moulin,11
0,466,moulin,12
0,467,moulin,12
0,468,moulin,12
0,469,moulin,12
0,470,moulin,11
0,471,moulin,11
0,472,moulin,11
0,473,moulin,11
0,474,moulin,10
0,475,moulin,9
0,476,moulin,8
0,477,moulin,8
0,478,moulin,8
0,479,moulin,7
0,480,moulin,8
0,481,moulin,8
0,482,moulin,8
0,483,moulin,8
0,484,moulin,8
0,485,moulin,8
0,486,moulin,9
0,487,moulin,9
0,488,moulin,10
0,489,moulin,9
0,490,moulin,9
0,491,moulin,9
0,492,moulin,9
0,493,moulin,8
0,494,moulin,9
0,495,moulin,10
0,496,moulin,11
0,497,moulin,12
0,498,moulin,12
0,499,moulin,13
0,500,moulin,13
0,501,moulin,13
0,502,moulin,13
0,503,moulin,13
0,504,moulin,13
0,505,moulin,14
0,506,moulin,15
0,507,moulin,15
0,508,moulin,15
0,509,moulin,14
0,510,moulin,13
0,511,moulin,12
0,512,moulin,11
0,513,moulin,12
0,514,moulin,11
0,515,moulin,10
0,516,moulin,11
0,517,moulin,11
0,518,moulin,11
0,519,moulin,10
0,520,moulin,10
0,521,moulin,11
0,522,moulin,11
0,523,moulin,10
0,524,moulin,10
0,525,moulin,10
0,526,moulin,10
0,527,moulin,10
0,528,moulin,9
0,529,moulin,8
0,530,moulin,8
0,531,moulin,8
0,532,moulin,9
0,533,moulin,9
0,534,moulin,9
0,535,moulin,10
0,536,moulin,10
0,537,moulin,10
0,538,moulin,10
0,539,moulin,10
0,540,moulin,9
0,541,moulin,9
0,542,moulin,9
0,543,moulin,10
0,544,moulin,10
0,545,moulin,11
0,546,moulin,11
0,547,moulin,11
0,548,moulin,10
0,549,moulin,9
0,550,moulin,8
0,551,moulin,8
0,552,moulin,8
0,553,moulin,9
0,554,moulin,9
0,555,moulin,9
0,556,moulin,8
0,557,moulin,8
0,558,moulin,8
0,559,moulin,8
0,560,moulin,8
0,561,moulin,8
0,562,moulin,7
0,563,moulin,6
0,564,moulin,7
0,565,moulin,7
0,566,moulin,7
0,567,moulin,7
0,568,moulin,7
0,569,moulin,8
0,570,moulin,8
0,571,moulin,7
0,572,moulin,7
0,573,moulin,7
0,574,moulin,8
0,575,moulin,8
0,576,moulin,7
0,577,moulin,7
0,578,moulin,7
0,579,moulin,6
0,580,moulin,6
0,581,moulin,6
0,582,moulin,5
0,583,moulin,5
0,584,moulin,6
0,585,moulin,6
0,586,moulin,6
0,587,moulin,6
0,588,moulin,7
0,589,moulin,7
0,590,moulin,7
0,591,moulin,7
0,592,moulin,8
0,593,moulin,8
0,594,moulin,9
0,595,moulin,8
0,596,moulin,8
0,597,moulin,9
0,598,moulin,9
0,599,moulin,10
0,600,moulin,11
0,601,moulin,11
0,602,moulin,11
0,603,moulin,10
0,604,moulin,10
0,605,moulin,11
0,606,moulin,11
0,607,moulin,10
0,608,moulin,10
0,609,moulin,10
0,610,moulin,9
0,611,moulin,9
0,612,moulin,9
0,613,moulin,9
0,614,moulin,10
0,615,moulin,10
0,616,moulin,10
0,617,moulin,9
0,618,moulin,8
0,619,moulin,7
0,620,moulin,7
0,621,moulin,7
0,622,moulin,7
0,623,moulin,7
0,624,moulin,7
0,625,moulin,7
0,626,moulin,7
0,627,moulin,6
0,628,moulin,5
0,629,moulin,6
0,630,moulin,6
0,631,moulin,6
0,632,moulin,6
0,633,moulin,7
0,634,moulin,6
0,635,moulin,6
0,636,moulin,7
0,637,moulin,7
0,638,moulin,6
0,639,moulin,5
0,640,moulin,4
0,641,moulin,4
0,642,moulin,5
0,643,moulin,4
0,644,moulin,5
0,645,moulin,5
0,646,moulin,4
0,647,moulin,3
0,648,moulin,2
0,649,moulin,2
0,650,moulin,2
0,651,moulin,3
0,652,moulin,2
0,653,moulin,2
0,654,moulin,2
0,655,moulin,3
0,656,moulin,3
0,657,moulin,3
0,658,moulin,2
0,659,moulin,1
0,660,moulin,1
0,661,moulin,2
0,662,moulin,2
0,663,moulin,1
0,664,moulin,1
0,665,moulin,0
0,666,moulin,1
0,667,moulin,2
0,668,moulin,2
0,669,moulin,3
0,670,moulin,4
0,671,moulin,5
0,672,moulin,5
0,673,moulin,5
0,674,moulin,5
0,675,moulin,4
0,676,moulin,4
0,677,moulin,4
0,678,moulin,5
0,679,moulin,5
0,680,moulin,4
0,681,moulin,3
0,682,moulin,2
0,683,moulin,1
0,684,moulin,2
0,685,moulin,3
0,686,moulin,3
0,687,moulin,3
0,688,moulin,3
0,689,moulin,3
0,690,moulin,3
0,691,moulin,3
0,692,moulin,2
0,693,moulin,3
0,694,moulin,4
0,695,moulin,4
0,696,moulin,3
0,697,moulin,3
0,698,moulin,4
0,699,moulin,5
0,700,moulin,4
0,701,moulin,3
0,702,moulin,3
0,703,moulin,3
0,704,moulin,2
0,705,moulin,2
0,706,moulin,2
0,707,moulin,3
0,708,moulin,3
0,709,moulin,2
0,710,moulin,1
0,711,moulin,2
0,712,moulin,1
0,713,moulin,0
0,714,moulin,0
0,715,moulin,0
0,716,moulin,0
0,717,moulin,0
0,718,moulin,1
0,719,moulin,1
0,720,moulin,0
0,721,moulin,0
0,722,moulin,0
0,723,moulin,0
0,724,moulin,1
0,725,moulin,1
0,726,moulin,1
0,727,moulin,1
0,728,moulin,2
0,729,moulin,3
0,730,moulin,3
0,731,moulin,4
0,732,moulin,4
0,733,moulin,3
0,734,moulin,2
0,735,moulin,3
0,736,moulin,3
0,737,moulin,4
0,738,moulin,4
0,739,moulin,5
0,740,moulin,5
0,741,moulin,5
0,742,moulin,4
0,743,moulin,4
0,744,moulin,5
0,745,moulin,5
0,746,moulin,5
0,747,moulin,5
0,748,moulin,5
0,749,moulin,5
0,750,moulin,5
0,751,moulin,5
0,752,moulin,5
0,753,moulin,6
0,754,moulin,6
0,755,moulin,6
0,756,moulin,6
0,757,moulin,6
0,758,moulin,6
0,759,moulin,7
0,760,moulin,7
0,761,moulin,7
0,762,moulin,6
0,763,moulin,7
0,764,moulin,7
0,765,moulin,6
0,766,moulin,7
0,767,moulin,7
0,768,moulin,8
0,769,moulin,7
0,770,moulin,8
0,771,moulin,8
0,772,moulin,8
0,773,moulin,9
0,774,moulin,8
0,775,moulin,8
0,776,moulin,8
0,777,moulin,8
0,778,moulin,8
0,779,moulin,7
0,780,moulin,7
0,781,moulin,6
0,782,moulin,5
0,783,moulin,5
0,784,moulin,6
0,785,moulin,5
0,786,moulin,5
0,787,moulin,5
0,788,moulin,6
0,789,moulin,5
0,790,moulin,6
0,791,moulin,5
0,792,moulin,4
0,793,moulin,3
0,794,moulin,3
0,795,moulin,4
0,796,moulin,4
0,797,moulin,4
0,798,moulin,4
0,799,moulin,4
0,800,moulin,5
0,801,moulin,5
0,802,moulin,6
0,803,moulin,7
0,804,moulin,7
0,805,moulin,7
0,806,moulin,7
0,807,moulin,7
0,808,moulin,6
0,809,moulin,6
0,810,moulin,5
0,811,moulin,5
0,812,moulin,5
0,813,moulin,5
0,814,moulin,5
0,815,moulin,5
0,816,moulin,5
0,817,moulin,4
0,818,moulin,5
0,819,moulin,5
0,820,moulin,5
0,821,moulin,5
0,822,moulin,5
0,823,moulin,6
0,824,moulin,6
0,825,moulin,5
0,826,moulin,4
0,827,moulin,5
0,828,moulin,5
0,829,moulin,6
0,830,moulin,6
0,831,moulin,6
0,832,moulin,6
0,833,moulin,7
0,834,moulin,8
0,835,moulin,7
0,836,moulin,7
0,837,moulin,7
0,838,moulin,7
0,839,moulin,7
0,840,moulin,6
0,841,moulin,6
0,842,moulin,6
0,843,moulin,6
0,844,moulin,5
0,845,moulin,4
0,846,moulin,5
0,847,moulin,5
0,848,moulin,5
0,849,moulin,5
0,850,moulin,6
0,851,moulin,6
0,852,moulin,7
0,853,moulin,7
0,854,moulin,8
0,855,moulin,8
0,856,moulin,8
0,857,moulin,9
0,858,moulin,9
0,859,moulin,9
0,860,moulin,10
0,861,moulin,11
0,862,moulin,11
0,863,moulin,11
0,864,moulin,11
0,865,moulin,11
0,866,moulin,10
0,867,moulin,9
0,868,moulin,10
0,869,moulin,9
0,870,moulin,9
0,871,moulin,10
0,872,moulin,10
0,873,moulin,10
0,874,moulin,9
0,875,moulin,9
0,876,moulin,10
0,877,moulin,9
0,878,moulin,8
0,879,moulin,7
0,880,moulin,8
0,881,moulin,8
0,882,moulin,9
0,883,moulin,8
0,884,moulin,8
0,885,moulin,9
0,886,moulin,9
0,887,moulin,8
0,888,moulin,8
0,889,moulin,8
0,890,moulin,8
0,891,moulin,7
0,892,moulin,7
0,893,moulin,7
0,894,moulin,7
0,895,moulin,7
0,896,moulin,7
0,897,moulin,7
0,898,moulin,7
0,899,moulin,7
0,900,moulin,6
0,901,moulin,7
0,902,moulin,8
0,903,moulin,8
0,904,moulin,9
0,905,moulin,8
0,906,moulin,8
0,907,moulin,8
0,908,moulin,8
0,909,moulin,8
0,910,moulin,8
0,911,moulin,8
0,912,moulin,9
0,913,moulin,9
0,914,moulin,9
0,915,moulin,10
0,916,moulin,10
0,917,moulin,11
0,918,moulin,11
0,919,moulin,12
0,920,moulin,13
0,921,moulin,13
0,922,moulin,13
0,923,moulin,14
0,924,moulin,14
0,925,moulin,13
0,926,moulin,13
0,927,moulin,12
0,928,moulin,13
0,929,moulin,13
0,930,moulin,13
0,931,moulin,13
0,932,moulin,13
0,933,moulin,13
0,934,moulin,14
0,935,moulin,13
0,936,moulin,13
0,937,moulin,13
0,938,moulin,14
0,939,moulin,14
0,940,moulin,14
0,941,moulin,13
0,942,moulin,14
0,943,moulin,15
0,944,moulin,14
0,945,moulin,13
0,946,moulin,14
0,947,moulin,14
0,948,moulin,15
0,949,moulin,14
0,950,moulin,14
0,951,moulin,15
0,952,moulin,14
0,953,moulin,15
0,954,moulin,15
0,955,moulin,15
0,956,moulin,15
0,957,moulin,14
0,958,moulin,14
0,959,moulin,15
0,960,moulin,14
0,961,moulin,15
0,962,moulin,14
0,963,moulin,14
0,964,moulin,13
0,965,moulin,13
0,966,moulin,13
0,967,moulin,13
0,968,moulin,12
0,969,moulin,11
0,970,moulin,11
0,971,moulin,12
0,972,moulin,12
0,973,moulin,13
0,974,moulin,12
0,975,moulin,12
0,976,moulin,11
0,977,moulin,12
0,978,moulin,12
0,979,moulin,12
0,980,moulin,13
0,981,moulin,13
0,982,moulin,13
0,983,moulin,12
0,984,moulin,12
0,985,moulin,13
0,986,moulin,13
0,987,moulin,12
0,988,moulin,13
0,989,moulin,12
0,990,moulin,12
0,991,moulin,12
0,992,moulin,12
0,993,moulin,12
0,994,moulin,11
0,995,moulin,10
0,996,moulin,9
0,997,moulin,10
0,998,moulin,10
0,999,moulin,10
0,1000,moulin,10
1,0,mailly,10
1,1,mailly,10
1,2,mailly,10
1,3,mailly,10
1,4,mailly,10
1,5,mailly,10
1,6,mailly,10
1,7,mailly,11
1,8,mailly,12
1,9,mailly,12
1,10,mailly,12
1,11,mailly,13
1,12,mailly,13
1,13,mailly,13
1,14,mailly,13
1,15,mailly,13
1,16,mailly,12
1,17,mailly,13
1,18,mailly,13
1,19,mailly,14
1,20,mailly,14
1,21,mailly,14
1,22,mailly,15
1,23,mailly,15
1,24,mailly,15
1,25,mailly,14
1,26,mailly,14
1,27,mailly,14
1,28,mailly,13
1,29,mailly,14
1,30,mailly,14
1,31,mailly,15
1,32,mailly,14
1,33,mailly,14
1,34,mailly,14
1,35,mailly,14
1,36,mailly,13
1,37,mailly,13
1,38,mailly,14
1,39,mailly,14
1,40,mailly,15
1,41,mailly,15
1,42,mailly,15
1,43,mailly,15
1,44,mailly,15
1,45,mailly,14
1,46,mailly,15
1,47,mailly,15
1,48,mailly,15
1,49,mailly,15
1,50,mailly,14
1,51,mailly,13
1,52,mailly,13
1,53,mailly,14
1,54,mailly,15
1,55,mailly,15
1,56,mailly,15
1,57,mailly,14
1,58,mailly,13
1,59,mailly,14
1,60,mailly,14
1,61,mailly,13
1,62,mailly,14
1,63,mailly,13
1,64,mailly,13
1,65,mailly,14
1,66,mailly,15
1,67,mailly,15
1,68,mailly,15
1,69,mailly,15
1,70,mailly,15
1,71,mailly,15
1,72,mailly,15
1,73,mailly,15
1,74,mailly,15
1,75,mailly,15
1,76,mailly,15
1,77,mailly,14
1,78,mailly,15
1,79,mailly,15
1,80,mailly,15
1,81,mailly,14
1,82,mailly,15
1,83,mailly,14
1,84,mailly,15
1,85,mailly,15
1,86,mailly,15
1,87,mailly,15
1,88,mailly,15
1,89,mailly,15
1,90,mailly,14
1,91,mailly,13
1,92,mailly,14
1,93,mailly,14
1,94,mailly,13
1,95,mailly,13
1,96,mailly,12
1,97,mailly,13
1,98,mailly,14
1,99,mailly,14
1,100,mailly,15
1,101,mailly,15
1,102,mailly,15
1,103,mailly,14
1,104,mailly,14
1,105,mailly,13
1,106,mailly,12
1,107,mailly,11
1,108,mailly,11
1,109,mailly,11
1,110,mailly,11
1,111,mailly,10
1,112,mailly,10
1,113,mailly,11
1,114,mailly,10
1,115,mailly,11
1,116,mailly,10
1,117,mailly,10
1,118,mailly,9
1,119,mailly,8
1,120,mailly,7
1,121,mailly,6
1,122,mailly,5
1,123,mailly,4
1,124,mailly,5
1,125,mailly,6
1,126,mailly,7
1,127,mailly,7
1,128,mailly,7
1,129,mailly,7
1,130,mailly,8
1,131,mailly,9
1,132,mailly,10
1,133,mailly,11
1,134,mailly,11
1,135,mailly,10
1,136,mailly,10
1,137,mailly,10
1,138,mailly,11
1,139,mailly,11
1,140,mailly,10
1,141,mailly,10
1,142,mailly,10
1,143,mailly,11
1,144,mailly,11
1,145,mailly,12
1,146,mailly,12
1,147,mailly,12
1,148,mailly,13
1,149,mailly,12
1,150,mailly,13
1,151,mailly,13
1,152,mailly,13
1,153,mailly,12
1,154,mailly,12
1,155,mailly,12
1,156,mailly,13
1,157,mailly,13
1,158,mailly,13
1,159,mailly,13
1,160,mailly,13
1,161,mailly,14
1,162,mailly,14
1,163,mailly,13
1,164,mailly,13
1,165,mailly,13
1,166,mailly,14
1,167,mailly,14
1,168,mailly,14
1,169,mailly,14
1,170,mailly,15
1,171,mailly,15
1,172,mailly,15
1,173,mailly,15
1,174,mailly,15
1,175,mailly,15
1,176,mailly,15
1,177,mailly,15
1,178,mailly,14
1,179,mailly,14
1,180,mailly,13
1,181,mailly,14
1,182,mailly,14
1,183,mailly,15
1,184,mailly,15
1,185,mailly,15
1,186,mailly,15
1,187,mailly,15
1,188,mailly,15
1,189,mailly,15
1,190,mailly,14
1,191,mailly,15
1,192,mailly,15
1,193,mailly,15
1,194,mailly,15
1,195,mailly,15
1,196,mailly,15
1,197,mailly,15
1,198,mailly,14
1,199,mailly,14
1,200,mailly,14
1,201,mailly,14
1,202,mailly,14
1,203,mailly,15
1,204,mailly,14
1,205,mailly,13
1,206,mailly,13
1,207,mailly,12
1,208,mailly,12
1,209,mailly,13
1,210,mailly,13
1,211,mailly,13
1,212,mailly,13
1,213,mailly,14
1,214,mailly,15
1,215,mailly,15
1,216,mailly,15
1,217,mailly,15
1,218,mailly,14
1,219,mailly,15
1,220,mailly,15
1,221,mailly,15
1,222,mailly,15
1,223,mailly,15
1,224,mailly,15
1,225,mailly,15
1,226,mailly,15
1,227,mailly,15
1,228,mailly,15
1,229,mailly,15
1,230,mailly,15
1,231,mailly,14
1,232,mailly,13
1,233,mailly,13
1,234,mailly,13
1,235,mailly,14
1,236,mailly,14
1,237,mailly,14
1,238,mailly,14
1,239,mailly,13
1,240,mailly,13
1,241,mailly,13
1,242,mailly,13
1,243,mailly,13
1,244,mailly,13
1,245,mailly,14
1,246,mailly,15
1,247,mailly,15
1,248,mailly,14
1,249,mailly,14
1,250,mailly,14
1,251,mailly,14
1,252,mailly,13
1,253,mailly,14
1,254,mailly,15
1,255,mailly,14
1,256,mailly,15
1,257,mailly,15
1,258,mailly,15
1,259,mailly,15
1,260,mailly,14
1,261,mailly,15
1,262,mailly,15
1,263,mailly,15
1,264,mailly,14
1,265,mailly,15
1,266,mailly,15
1,267,mailly,15
1,268,mailly,14
1,269,mailly,15
1,270,mailly,15
1,271,mailly,15
1,272,mailly,15
1,273,mailly,15
1,274,mailly,15
1,275,mailly,15
1,276,mailly,15
1,277,mailly,15
1,278,mailly,15
1,279,mailly,14
1,280,mailly,15
1,281,mailly,15
1,282,mailly,15
1,283,mailly,15
1,284,mailly,15
1,285,mailly,15
1,286,mailly,14
1,287,mailly,15
1,288,mailly,15
1,289,mailly,15
1,290,mailly,15
1,291,mailly,15
1,292,mailly,15
1,293,mailly,15
1,294,mailly,15
1,295,mailly,14
1,296,mailly,13
1,297,mailly,14
1,298,mailly,14
1,299,mailly,14
1,300,mailly,14
1,301,mailly,13
1,302,mailly,13
1,303,mailly,13
1,304,mailly,12
1,305,mailly,12
1,306,mailly,12
1,307,mailly,13
1,308,mailly,14
1,309,mailly,13
1,310,mailly,12
1,311,mailly,13
1,312,mailly,13
1,313,mailly,12
1,314,mailly,12
1,315,mailly,12
1,316,mailly,12
1,317,mailly,12
1,318,mailly,13
1,319,mailly,13
1,320,mailly,13
1,321,mailly,13
1,322,mailly,13
1,323,mailly,14
1,324,mailly,14
1,325,mailly,15
1,326,mailly,15
1,327,mailly,15
1,328,mailly,15
1,329,mailly,14
1,330,mailly,13
1,331,mailly,14
1,332,mailly,14
1,333,mailly,13
1,334,mailly,14
1,335,mailly,14
1,336,mailly,14
1,337,mailly,14
1,338,mailly,15
1,339,mailly,15
1,340,mailly,15
1,341,mailly,15
1,342,mailly,15
1,343,mailly,15
1,344,mailly,15
1,345,mailly,15
1,346,mailly,15
1,347,mailly,15
1,348,mailly,14
1,349,mailly,14
1,350,mailly,15
1,351,mailly,15
1,352,mailly,15
1,353,mailly,14
1,354,mailly,13
1,355,mailly,14
1,356,mailly,14
1,357,mailly,14
1,358,mailly,13
1,359,mailly,14
1,360,mailly,13
1,361,mailly,12
1,362,mailly,13
1,363,mailly,13
1,364,mailly,13
1,365,mailly,13
1,366,mailly,13
1,367,mailly,13
1,368,mailly,13
1,369,mailly,13
1,370,mailly,14
1,371,mailly,14
1,372,mailly,15
1,373,mailly,15
1,374,mailly,15
1,375,mailly,15
1,376,mailly,15
1,377,mailly,14
1,378,mailly,14
1,379,mailly,14
1,380,mailly,14
1,381,mailly,14
1,382,mailly,15
1,383,mailly,15
1,384,mailly,15
1,385,mailly,15
1,386,mailly,14
1,387,mailly,14
1,388,mailly,15
1,389,mailly,15
1,390,mailly,15
1,391,mailly,15
1,392,mailly,15
1,393,mailly,14
1,394,mailly,14
1,395,mailly,13
1,396,mailly,13
1,397,mailly,13
1,398,mailly,13
1,399,mailly,13
1,400,mailly,12
1,401,mailly,12
1,402,mailly,11
1,403,mailly,11
1,404,mailly,11
1,405,mailly,10
1,406,mailly,10
1,407,mailly,10
1,408,mailly,9
1,409,mailly,9
1,410,mailly,9
1,411,mailly,9
1,412,mailly,10
1,413,mailly,11
1,414,mailly,12
1,415,mailly,13
1,416,mailly,12
1,417,mailly,13
1,418,mailly,14
1,419,mailly,15
1,420,mailly,14
1,421,mailly,14
1,422,mailly,14
1,423,mailly,14
1,424,mailly,14
1,425,mailly,14
1,426,mailly,15
1,427,mailly,15
1,428,mailly,15
1,429,mailly,14
1,430,mailly,13
1,431,mailly,13
1,432,mailly,14
1,433,mailly,14
1,434,mailly,15
1,435,mailly,15
1,436,mailly,15
1,437,mailly,14
1,438,mailly,14
1,439,mailly,14
1,440,mailly,15
1,441,mailly,14
1,442,mailly,14
1,443,mailly,15
1,444,mailly,15
1,445,mailly,15
1,446,mailly,15
1,447,mailly,15
1,448,mailly,15
1,449,mailly,15
1,450,mailly,15
1,451,mailly,15
1,452,mailly,15
1,453,mailly,15
1,454,mailly,15
1,455,mailly,14
1,456,mailly,15
1,457,mailly,15
1,458,mailly,15
1,459,mailly,14
1,460,mailly,13
1,461,mailly,13
1,462,mailly,12
1,463,mailly,13
1,464,mailly,13
1,465,mailly,13
1,466,mailly,14
1,467,mailly,15
1,468,mailly,15
1,469,mailly,15
1,470,mailly,14
1,471,mailly,13
1,472,mailly,13
1,473,mailly,14
1,474,mailly,15
1,475,mailly,15
1,476,mailly,15
1,477,mailly,15
1,478,mailly,15
1,479,mailly,15
1,480,mailly,14
1,481,mailly,14
1,482,mailly,13
1,483,mailly,13
1,484,mailly,14
1,485,mailly,14
1,486,mailly,15
1,487,mailly,15
1,488,mailly,15
1,489,mailly,15
1,490,mailly,14
1,491,mailly,15
1,492,mailly,15
1,493,mailly,15
1,494,mailly,15
1,495,mailly,15
1,496,mailly,15
1,497,mailly,15
1,498,mailly,15
1,499,mailly,15
1,500,mailly,15
1,501,mailly,14
1,502,mailly,13
1,503,mailly,13
1,504,mailly,12
1,505,mailly,12
1,506,mailly,12
1,507,mailly,13
1,508,mailly,13
1,509,mailly,14
1,510,mailly,14
1,511,mailly,15
1,512,mailly,15
1,513,mailly,15
1,514,mailly,15
1,515,mailly,15
1,516,mailly,15
1,517,mailly,15
1,518,mailly,14
1,519,mailly,14
1,520,mailly,14
1,521,mailly,15
1,522,mailly,15
1,523,mailly,15
1,524,mailly,15
1,525,mailly,15
1,526,mailly,15
1,527,mailly,15
1,528,mailly,15
1,529,mailly,15
1,530,mailly,15
1,531,mailly,14
1,532,mailly,15
1,533,mailly,14
1,534,mailly,15
1,535,mailly,15
1,536,mailly,15
1,537,mailly,15
1,538,mailly,15
1,539,mailly,15
1,540,mailly,15
1,541,mailly,15
1,542,mailly,15
1,543,mailly,15
1,544,mailly,15
1,545,mailly,15
1,546,mailly,15
1,547,mailly,15
1,548,mailly,14
1,549,mailly,14
1,550,mailly,14
1,551,mailly,14
1,552,mailly,13
1,553,mailly,13
1,554,mailly,12
1,555,mailly,12
1,556,mailly,13
1,557,mailly,14
1,558,mailly,14
1,559,mailly,14
1,560,mailly,13
1,561,mailly,12
1,562,mailly,13
1,563,mailly,13
1,564,mailly,12
1,565,mailly,13
1,566,mailly,13
1,567,mailly,14
1,568,mailly,14
1,569,mailly,13
1,570,mailly,12
1,571,mailly,13
1,572,mailly,12
1,573,mailly,11
1,574,mailly,10
1,575,mailly,11
1,576,mailly,12
1,577,mailly,13
1,578,mailly,12
1,579,mailly,12
1,580,mailly,11
1,581,mailly,10
1,582,mailly,10
1,583,mailly,11
1,584,mailly,12
1,585,mailly,13
1,586,mailly,14
1,587,mailly,15
1,588,mailly,15
1,589,mailly,15
1,590,mailly,15
1,591,mailly,15
1,592,mailly,15
1,593,mailly,14
1,594,mailly,15
1,595,mailly,14
1,596,mailly,14
1,597,mailly,13
1,598,mailly,14
1,599,mailly,14
1,600,mailly,14
1,601,mailly,15
1,602,mailly,15
1,603,mailly,15
1,604,mailly,15
1,605,mailly,15
1,606,mailly,15
1,607,mailly,15
1,608,mailly,15
1,609,mailly,15
1,610,mailly,15
1,611,mailly,14
1,612,mailly,15
1,613,mailly,15
1,614,mailly,15
1,615,mailly,15
1,616,mailly,15
1,617,mailly,15
1,618,mailly,15
1,619,mailly,15
1,620,mailly,14
1,621,mailly,14
1,622,mailly,13
1,623,mailly,13
1,624,mailly,13
1,625,mailly,13
1,626,mailly,14
1,627,mailly,15
1,628,mailly,15
1,629,mailly,15
1,630,mailly,15
1,631,mailly,14
1,632,mailly,14
1,633,mailly,13
1,634,mailly,13
1,635,mailly,12
1,636,mailly,13
1,637,mailly,13
1,638,mailly,14
1,639,mailly,15
1,640,mailly,15
1,641,mailly,15
1,642,mailly,15
1,643,mailly,15
1,644,mailly,14
1,645,mailly,14
1,646,mailly,15
1,647,mailly,15
1,648,mailly,14
1,649,mailly,15
1,650,mailly,15
1,651,mailly,15
1,652,mailly,15
1,653,mailly,15
1,654,mailly,14
1,655,mailly,14
1,656,mailly,15
1,657,mailly,15
1,658,mailly,14
1,659,mailly,14
1,660,mailly,15
1,661,mailly,15
1,662,mailly,15
1,663,mailly,15
1,664,mailly,15
1,665,mailly,15
1,666,mailly,14
1,667,mailly,14
1,668,mailly,14
1,669,mailly,14
1,670,mailly,14
1,671,mailly,14
1,672,mailly,14
1,673,mailly,15
1,674,mailly,15
1,675,mailly,15
1,676,mailly,15
1,677,mailly,14
1,678,mailly,14
1,679,mailly,14
1,680,mailly,14
1,681,mailly,15
1,682,mailly,15
1,683,mailly,15
1,684,mailly,15
1,685,mailly,15
1,686,mailly,15
1,687,mailly,15
1,688,mailly,15
1,689,mailly,15
1,690,mailly,15
1,691,mailly,14
1,692,mailly,15
1,693,mailly,15
1,694,mailly,15
1,695,mailly,15
1,696,mailly,15
1,697,mailly,15
1,698,mailly,15
1,699,mailly,14
1,700,mailly,14
1,701,mailly,13
1,702,mailly,12
1,703,mailly,12
1,704,mailly,12
1,705,mailly,12
1,706,mailly,13
1,707,mailly,13
1,708,mailly,13
1,709,mailly,14
1,710,mailly,14
1,711,mailly,15
1,712,mailly,14
1,713,mailly,15
1,714,mailly,15
1,715,mailly,14
1,716,mailly,15
1,717,mailly,15
1,718,mailly,15
1,719,mailly,14
1,720,mailly,15
1,721,mailly,15
1,722,mailly,15
1,723,mailly,14
1,724,mailly,13
1,725,mailly,13
1,726,mailly,13
1,727,mailly,13
1,728,mailly,14
1,729,mailly,15
1,730,mailly,15
1,731,mailly,15
1,732,mailly,14
1,733,mailly,14
1,734,mailly,14
1,735,mailly,14
1,736,mailly,14
1,737,mailly,14
1,738,mailly,14
1,739,mailly,15
1,740,mailly,14
1,741,mailly,13
1,742,mailly,12
1,743,mailly,11
1,744,mailly,10
1,745,mailly,10
1,746,mailly,9
1,747,mailly,10
1,748,mailly,10
1,749,mailly,10
1,750,mailly,10
1,751,mailly,9
1,752,mailly,10
1,753,mailly,10
1,754,mailly,11
1,755,mailly,11
1,756,mailly,11
1,757,mailly,10
1,758,mailly,11
1,759,mailly,11
1,760,mailly,12
1,761,mailly,13
1,762,mailly,13
1,763,mailly,13
1,764,mailly,14
1,765,mailly,14
1,766,mailly,13
1,767,mailly,13
1,768,mailly,13
1,769,mailly,14
1,770,mailly,14
1,771,mailly,15
1,772,mailly,15
1,773,mailly,15
1,774,mailly,15
1,775,mailly,15
1,776,mailly,15
1,777,mailly,15
1,778,mailly,15
1,779,mailly,15
1,780,mailly,15
1,781,mailly,15
1,782,mailly,15
1,783,mailly,15
1,784,mailly,15
1,785,mailly,15
1,786,mailly,15
1,787,mailly,15
1,788,mailly,15
1,789,mailly,15
1,790,mailly,14
1,791,mailly,14
1,792,mailly,14
1,793,mailly,15
1,794,mailly,14
1,795,mailly,14
1,796,mailly,14
1,797,mailly,14
1,798,mailly,15
1,799,mailly,15
1,800,mailly,15
1,801,mailly,15
1,802,mailly,14
1,803,mailly,14
1,804,mailly,14
1,805,mailly,15
1,806,mailly,15
1,807,mailly,14
1,808,mailly,13
1,809,mailly,12
1,810,mailly,12
1,811,mailly,11
1,812,mailly,10
1,813,mailly,10
1,814,mailly,10
1,815,mailly,10
1,816,mailly,11
1,817,mailly,11
1,818,mailly,11
1,819,mailly,10
1,820,mailly,9
1,821,mailly,9
1,822,mailly,9
1,823,mailly,9
1,824,mailly,9
1,825,mailly,10
1,826,mailly,9
1,827,mailly,9
1,828,mailly,9
1,829,mailly,8
1,830,mailly,8
1,831,mailly,9
1,832,mailly,9
1,833,mailly,10
1,834,mailly,11
1,835,mailly,12
1,836,mailly,13
1,837,mailly,14
1,838,mailly,14
1,839,mailly,15
1,840,mailly,15
1,841,mailly,14
1,842,mailly,13
1,843,mailly,14
1,844,mailly,13
1,845,mailly,14
1,846,mailly,15
1,847,mailly,15
1,848,mailly,15
1,849,mailly,15
1,850,mailly,14
1,851,mailly,14
1,852,mailly,15
1,853,mailly,15
1,854,mailly,15
1,855,mailly,15
1,856,mailly,14
1,857,mailly,14
1,858,mailly,15
1,859,mailly,15
1,860,mailly,14
1,861,mailly,14
1,862,mailly,14
1,863,mailly,14
1,864,mailly,14
1,865,mailly,14
1,866,mailly,15
1,867,mailly,14
1,868,mailly,14
1,869,mailly,13
1,870,mailly,13
1,871,mailly,13
1,872,mailly,14
1,873,mailly,15
1,874,mailly,15
1,875,mailly,15
1,876,mailly,15
1,877,mailly,15
1,878,mailly,15
1,879,mailly,15
1,880,mailly,14
1,881,mailly,14
1,882,mailly,14
1,883,mailly,14
1,884,mailly,15
1,885,mailly,14
1,886,mailly,14
1,887,mailly,14
1,888,mailly,15
1,889,mailly,15
1,890,mailly,14
1,891,mailly,14
1,892,mailly,15
1,893,mailly,14
1,894,mailly,14
1,895,mailly,14
1,896,mailly,14
1,897,mailly,14
1,898,mailly,15
1,899,mailly,15
1,900,mailly,15
1,901,mailly,15
1,902,mailly,14
1,903,mailly,15
1,904,mailly,14
1,905,mailly,14
1,906,mailly,14
1,907,mailly,13
1,908,mailly,12
1,909,mailly,12
1,910,mailly,12
1,911,mailly,13
1,912,mailly,14
1,913,mailly,14
1,914,mailly,13
1,915,mailly,14
1,916,mailly,14
1,917,mailly,13
1,918,mailly,14
1,919,mailly,14
1,920,mailly,14
1,921,mailly,15
1,922,mailly,15
1,923,mailly,15
1,924,mailly,15
1,925,mailly,14
1,926,mailly,15
1,927,mailly,15
1,928,mailly,15
1,929,mailly,15
1,930,mailly,15
1,931,mailly,15
1,932,mailly,15
1,933,mailly,14
1,934,mailly,13
1,935,mailly,13
1,936,mailly,12
1,937,mailly,12
1,938,mailly,12
1,939,mailly,13
1,940,mailly,13
1,941,mailly,13
1,942,mailly,12
1,943,mailly,13
1,944,mailly,12
1,945,mailly,11
1,946,mailly,12
1,947,mailly,12
1,948,mailly,12
1,949,mailly,13
1,950,mailly,14
1,951,mailly,14
1,952,mailly,15
1,953,mailly,15
1,954,mailly,14
1,955,mailly,13
1,956,mailly,13
1,957,mailly,13
1,958,mailly,14
1,959,mailly,15
1,960,mailly,15
1,961,mailly,14
1,962,mailly,14
1,963,mailly,15
1,964,mailly,15
1,965,mailly,15
1,966,mailly,14
1,967,mailly,15
1,968,mailly,15
1,969,mailly,15
1,970,mailly,15
1,971,mailly,15
1,972,mailly,15
1,973,mailly,15
1,974,mailly,15
1,975,mailly,15
1,976,mailly,15
1,977,mailly,14
1,978,mailly,14
1,979,mailly,14
1,980,mailly,14
1,981,mailly,13
1,982,mailly,14
1,983,mailly,14
1,984,mailly,13
1,985,mailly,12
1,986,mailly,12
1,987,mailly,13
1,988,mailly,13
1,989,mailly,13
1,990,mailly,12
1,991,mailly,12
1,992,mailly,12
1,993,mailly,12
1,994,mailly,13
1,995,mailly,13
1,996,mailly,14
1,997,mailly,13
1,998,mailly,12
1,999,mailly,12
1,1000,mailly,12
1,0,moulin,5
1,1,moulin,5
1,2,moulin,5
1,3,moulin,5
1,4,moulin,5
1,5,moulin,5
1,6,moulin,5
1,7,moulin,4
1,8,moulin,3
1,9,moulin,3
1,10,moulin,3
1,11,moulin,2
1,12,moulin,2
1,13,moulin,2
1,14,moulin,2
1,15,moulin,2
1,16,moulin,3
1,17,moulin,2
1,18,moulin,2
1,19,moulin,1
1,20,moulin,1
1,21,moulin,1
1,22,moulin,0
1,23,moulin,0
1,24,moulin,0
1,25,moulin,1
1,26,moulin,1
1,27,moulin,1
1,28,moulin,2
1,29,moulin,1
1,30,moulin,1
1,31,moulin,0
1,32,moulin,1
1,33,moulin,1
1,34,moulin,1
1,35,moulin,1
1,36,moulin,2
1,37,moulin,2
1,38,moulin,1
1,39,moulin,1
1,40,moulin,0
1,41,moulin,0
1,42,moulin,0
1,43,moulin,0
1,44,moulin,0
1,45,moulin,1
1,46,moulin,0
1,47,moulin,0
1,48,moulin,0
1,49,moulin,0
1,50,moulin,1
1,51,moulin,2
1,52,moulin,2
1,53,moulin,1
1,54,moulin,0
1,55,moulin,0
1,56,moulin,0
1,57,moulin,1
1,58,moulin,2
1,59,moulin,1
1,60,moulin,1
1,61,moulin,2
1,62,moulin,1
1,63,moulin,2
1,64,moulin,2
1,65,moulin,1
1,66,moulin,0
1,67,moulin,0
1,68,moulin,0
1,69,moulin,0
1,70,moulin,0
1,71,moulin,0
1,72,moulin,0
1,73,moulin,0
1,74,moulin,0
1,75,moulin,0
1,76,moulin,0
1,77,moulin,1
1,78,moulin,0
1,79,moulin,0
1,80,moulin,0
1,81,moulin,1
1,82,moulin,0
1,83,moulin,1
1,84,moulin,0
1,85,moulin,0
1,86,moulin,0
1,87,moulin,0
1,88,moulin,0
1,89,moulin,0
1,90,moulin,1
1,91,moulin,2
1,92,moulin,1
1,93,moulin,1
1,94,moulin,2
1,95,moulin,2
1,96,moulin,3
1,97,moulin,2
1,98,moulin,1
1,99,moulin,1
1,100,moulin,0
1,101,moulin,0
1,102,moulin,0
1,103,moulin,1
1,104,moulin,1
1,105,moulin,2
1,106,moulin,3
1,107,moulin,4
1,108,moulin,4
1,109,moulin,4
1,110,moulin,4
1,111,moulin,5
1,112,moulin,5
1,113,moulin,4
1,114,moulin,5
1,115,moulin,4
1,116,moulin,5
1,117,moulin,5
1,118,moulin,6
1,119,moulin,7
1,120,moulin,8
1,121,moulin,9
1,122,moulin,10
1,123,moulin,11
1,124,moulin,10
1,125,moulin,9
1,126,moulin,8
1,127,moulin,8
1,128,moulin,8
1,129,moulin,8
1,130,moulin,7
1,131,moulin,6
1,132,moulin,5
1,133,moulin,4
1,134,moulin,4
1,135,moulin,5
1,136,moulin,5
1,137,moulin,5
1,138,moulin,4
1,139,moulin,4
1,140,moulin,5
1,141,moulin,5
1,142,moulin,5
1,143,moulin,4
1,144,moulin,4
1,145,moulin,3
1,146,moulin,3
1,147,moulin,3
1,148,moulin,2
1,149,moulin,3
1,150,moulin,2
1,151,moulin,2
1,152,moulin,2
1,153,moulin,3
1,154,moulin,3
1,155,moulin,3
1,156,moulin,2
1,157,moulin,2
1,158,moulin,2
1,159,moulin,2
1,160,moulin,2
1,161,moulin,1
1,162,moulin,1
1,163,moulin,2
1,164,moulin,2
1,165,moulin,2
1,166,moulin,1
1,167,moulin,1
1,168,moulin,1
1,169,moulin,1
1,170,moulin,0
1,171,moulin,0
1,172,moulin,0
1,173,moulin,0
1,174,moulin,0
1,175,moulin,0
1,176,moulin,0
1,177,moulin,0
1,178,moulin,1
1,179,moulin,1
1,180,moulin,2
1,181,moulin,1
1,182,moulin,1
1,183,moulin,0
1,184,moulin,0
1,185,moulin,0
1,186,moulin,0
1,187,moulin,0
1,188,moulin,0
1,189,moulin,0
1,190,moulin,1
1,191,moulin,0
1,192,moulin,0
1,193,moulin,0
1,194,moulin,0
1,195,moulin,0
1,196,moulin,0
1,197,moulin,0
1,198,moulin,1
1,199,moulin,1
1,200,moulin,1
1,201,moulin,1
1,202,moulin,1
1,203,moulin,0
1,204,moulin,1
1,205,moulin,2
1,206,moulin,2
1,207,moulin,3
1,208,moulin,3
1,209,moulin,2
1,210,moulin,2
1,211,moulin,2
1,212,moulin,2
1,213,moulin,1
1,214,moulin,0
1,215,moulin,0
1,216,moulin,0
1,217,moulin,0
1,218,moulin,1
1,219,moulin,0
1,220,moulin,0
1,221,moulin,0
1,222,moulin,0
1,223,moulin,0
1,224,moulin,0
1,225,moulin,0
1,226,moulin,0
1,227,moulin,0
1,228,moulin,0
1,229,moulin,0
1,230,moulin,0
1,231,moulin,1
1,232,moulin,2
1,233,moulin,2
1,234,moulin,2
1,235,moulin,1
1,236,moulin,1
1,237,moulin,1
1,238,moulin,1
1,239,moulin,2
1,240,moulin,2
1,241,moulin,2
1,242,moulin,2
1,243,moulin,2
1,244,moulin,2
1,245,moulin,1
1,246,moulin,0
1,247,moulin,0
1,248,moulin,1
1,249,moulin,1
1,250,moulin,1
1,251,moulin,1
1,252,moulin,2
1,253,moulin,1
1,254,moulin,0
1,255,moulin,1
1,256,moulin,0
1,257,moulin,0
1,258,moulin,0
1,259,moulin,0
1,260,moulin,1
1,261,moulin,0
1,262,moulin,0
1,263,moulin,0
1,264,moulin,1
1,265,moulin,0
1,266,moulin,0
1,267,moulin,0
1,268,moulin,1
1,269,moulin,0
1,270,moulin,0
1,271,moulin,0
1,272,moulin,0
1,273,moulin,0
1,274,moulin,0
1,275,moulin,0
1,276,moulin,0
1,277,moulin,0
1,278,moulin,0
1,279,moulin,1
1,280,moulin,0
1,281,moulin,0
1,282,moulin,0
1,283,moulin,0
1,284,moulin,0
1,285,moulin,0
1,286,moulin,1
1,287,moulin,0
1,288,moulin,0
1,289,moulin,0
1,290,moulin,0
1,291,moulin,0
1,292,moulin,0
1,293,moulin,0
1,294,moulin,0
1,295,moulin,1
1,296,moulin,2
1,297,moulin,1
1,298,moulin,1
1,299,moulin,1
1,300,moulin,1
1,301,moulin,2
1,302,moulin,2
1,303,moulin,2
1,304,moulin,3
1,305,moulin,3
1,306,moulin,3
1,307,moulin,2
1,308,moulin,1
1,309,moulin,2
1,310,moulin,3
1,311,moulin,2
1,312,moulin,2
1,313,moulin,3
1,314,moulin,3
1,315,moulin,3
1,316,moulin,3
1,317,moulin,3
1,318,moulin,2
1,319,moulin,2
1,320,moulin,2
1,321,moulin,2
1,322,moulin,2
1,323,moulin,1
1,324,moulin,1
1,325,moulin,0
1,326,moulin,0
1,327,moulin,0
1,328,moulin,0
1,329,moulin,1
1,330,moulin,2
1,331,moulin,1
1,332,moulin,1
1,333,moulin,2
1,334,moulin,1
1,335,moulin,1
1,336,moulin,1
1,337,moulin,1
1,338,moulin,0
1,339,moulin,0
1,340,moulin,0
1,341,moulin,0
1,342,moulin,0
1,343,moulin,0
1,344,moulin,0
1,345,moulin,0
1,346,moulin,0
1,347,moulin,0
1,348,moulin,1
1,349,moulin,1
1,350,moulin,0
1,351,moulin,0
1,352,moulin,0
1,353,moulin,1
1,354,moulin,2
1,355,moulin,1
1,356,moulin,1
1,357,moulin,1
1,358,moulin,2
1,359,moulin,1
1,360,moulin,2
1,361,moulin,3
1,362,moulin,2
1,363,moulin,2
1,364,moulin,2
1,365,moulin,2
1,366,moulin,2
1,367,moulin,2
1,368,moulin,2
1,369,moulin,2
1,370,moulin,1
1,371,moulin,1
1,372,moulin,0
1,373,moulin,0
1,374,moulin,0
1,375,moulin,0
1,376,moulin,0
1,377,moulin,1
1,378,moulin,1
1,379,moulin,1
1,380,moulin,1
1,381,moulin,1
1,382,moulin,0
1,383,moulin,0
1,384,moulin,0
1,385,moulin,0
1,386,moulin,1
1,387,moulin,1
1,388,moulin,0
1,389,moulin,0
1,390,moulin,0
1,391,moulin,0
1,392,moulin,0
1,393,moulin,1
1,394,moulin,1
1,395,moulin,2
1,396,moulin,2
1,397,moulin,2
1,398,moulin,2
1,399,moulin,2
1,400,moulin,3
1,401,moulin,3
1,402,moulin,4
1,403,moulin,4
1,404,moulin,4
1,405,moulin,5
1,406,moulin,5
1,407,moulin,5
1,408,moulin,6
1,409,moulin,6
1,410,moulin,6
1,411,moulin,6
1,412,moulin,5
1,413,moulin,4
1,414,moulin,3
1,415,moulin,2
1,416,moulin,3
1,417,moulin,2
1,418,moulin,1
1,419,moulin,0
1,420,moulin,1
1,421,moulin,1
1,422,moulin,1
1,423,moulin,1
1,424,moulin,1
1,425,moulin,1
1,426,moulin,0
1,427,moulin,0
1,428,moulin,0
1,429,moulin,1
1,430,moulin,2
1,431,moulin,2
1,432,moulin,1
1,433,moulin,1
1,434,moulin,0
1,435,moulin,0
1,436,moulin,0
1,437,moulin,1
1,438,moulin,1
1,439,moulin,1
1,440,moulin,0
1,441,moulin,1
1,442,moulin,1
1,443,moulin,0
1,444,moulin,0
1,445,moulin,0
1,446,moulin,0
1,447,moulin,0
1,448,moulin,0
1,449,moulin,0
1,450,moulin,0
1,451,moulin,0
1,452,moulin,0
1,453,moulin,0
1,454,moulin,0
1,455,moulin,1
1,456,moulin,0
1,457,moulin,0
1,458,moulin,0
1,459,moulin,1
1,460,moulin,2
1,461,moulin,2
1,462,moulin,3
1,463,moulin,2
1,464,moulin,2
1,465,moulin,2
1,466,moulin,1
1,467,moulin,0
1,468,moulin,0
1,469,moulin,0
1,470,moulin,1
1,471,moulin,2
1,472,moulin,2
1,473,moulin,1
1,474,moulin,0
1,475,moulin,0
1,476,moulin,0
1,477,moulin,0
1,478,moulin,0
1,479,moulin,0
1,480,moulin,1
1,481,moulin,1
1,482,moulin,2
1,483,moulin,2
1,484,moulin,1
1,485,moulin,1
1,486,moulin,0
1,487,moulin,0
1,488,moulin,0
1,489,moulin,0
1,490,moulin,1
1,491,moulin,0
1,492,moulin,0
1,493,moulin,0
1,494,moulin,0
1,495,moulin,0
1,496,moulin,0
1,497,moulin,0
1,498,moulin,0
1,499,moulin,0
1,500,moulin,0
1,501,moulin,1
1,502,moulin,2
1,503,moulin,2
1,504,moulin,3
1,505,moulin,3
1,506,moulin,3
1,507,moulin,2
1,508,moulin,2
1,509,moulin,1
1,510,moulin,1
1,511,moulin,0
1,512,moulin,0
1,513,moulin,0
1,514,moulin,0
1,515,moulin,0
1,516,moulin,0
1,517,moulin,0
1,518,moulin,1
1,519,moulin,1
1,520,moulin,1
1,521,moulin,0
1,522,moulin,0
1,523,moulin,0
1,524,moulin,0
1,525,moulin,0
1,526,moulin,0
1,527,moulin,0
1,528,moulin,0
1,529,moulin,0
1,530,moulin,0
1,531,moulin,1
1,532,moulin,0
1,533,moulin,1
1,534,moulin,0
1,535,moulin,0
1,536,moulin,0
1,537,moulin,0
1,538,moulin,0
1,539,moulin,0
1,540,moulin,0
1,541,moulin,0
1,542,moulin,0
1,543,moulin,0
1,544,moulin,0
1,545,moulin,0
1,546,moulin,0
1,547,moulin,0
1,548,moulin,1
1,549,moulin,1
1,550,moulin,1
1,551,moulin,1
1,552,moulin,2
1,553,moulin,2
1,554,moulin,3
1,555,moulin,3
1,556,moulin,2
1,557,moulin,1
1,558,moulin,1
1,559,moulin,1
1,560,moulin,2
1,561,moulin,3
1,562,moulin,2
1,563,moulin,2
1,564,moulin,3
1,565,moulin,2
1,566,moulin,2
1,567,moulin,1
1,568,moulin,1
1,569,moulin,2
1,570,moulin,3
1,571,moulin,2
1,572,moulin,3
1,573,moulin,4
1,574,moulin,5
1,575,moulin,4
1,576,moulin,3
1,577,moulin,2
1,578,moulin,3
1,579,moulin,3
1,580,moulin,4
1,581,moulin,5
1,582,moulin,5
1,583,moulin,4
1,584,moulin,3
1,585,moulin,2
1,586,moulin,1
1,587,moulin,0
1,588,moulin,0
1,589,moulin,0
1,590,moulin,0
1,591,moulin,0
1,592,moulin,0
1,593,moulin,1
1,594,moulin,0
1,595,moulin,1
1,596,moulin,1
1,597,moulin,2
1,598,moulin,1
1,599,moulin,1
1,600,moulin,1
1,601,moulin,0
1,602,moulin,0
1,603,moulin,0
1,604,moulin,0
1,605,moulin,0
1,606,moulin,0
1,607,moulin,0
1,608,moulin,0
1,609,moulin,0
1,610,moulin,0
1,611,moulin,1
1,612,moulin,0
1,613,moulin,0
1,614,moulin,0
1,615,moulin,0
1,616,moulin,0
1,617,moulin,0
1,618,moulin,0
1,619,moulin,0
1,620,moulin,1
1,621,moulin,1
1,622,moulin,2
1,623,moulin,2
1,624,moulin,2
1,625,moulin,2
1,626,moulin,1
1,627,moulin,0
1,628,moulin,0
1,629,moulin,0
1,630,moulin,0
1,631,moulin,1
1,632,moulin,1
1,633,moulin,2
1,634,moulin,2
1,635,moulin,3
1,636,moulin,2
1,637,moulin,2
1,638,moulin,1
1,639,moulin,0
1,640,moulin,0
1,641,moulin,0
1,642,moulin,0
1,643,moulin,0
1,644,moulin,1
1,645,moulin,1
1,646,moulin,0
1,647,moulin,0
1,648,moulin,1
1,649,moulin,0
1,650,moulin,0
1,651,moulin,0
1,652,moulin,0
1,653,moulin,0
1,654,moulin,1
1,655,moulin,1
1,656,moulin,0
1,657,moulin,0
1,658,moulin,1
1,659,moulin,1
1,660,moulin,0
1,661,moulin,0
1,662,moulin,0
1,663,moulin,0
1,664,moulin,0
1,665,moulin,0
1,666,moulin,1
1,667,moulin,1
1,668,moulin,1
1,669,moulin,1
1,670,moulin,1
1,671,moulin,1
1,672,moulin,1
1,673,moulin,0
1,674,moulin,0
1,675,moulin,0
1,676,moulin,0
1,677,moulin,1
1,678,moulin,1
1,679,moulin,1
1,680,moulin,1
1,681,moulin,0
1,682,moulin,0
1,683,moulin,0
1,684,moulin,0
1,685,moulin,0
1,686,moulin,0
1,687,moulin,0
1,688,moulin,0
1,689,moulin,0
1,690,moulin,0
1,691,moulin,1
1,692,moulin,0
1,693,moulin,0
1,694,moulin,0
1,695,moulin,0
1,696,moulin,0
1,697,moulin,0
1,698,moulin,0
1,699,moulin,1
1,700,moulin,1
1,701,moulin,2
1,702,moulin,3
1,703,moulin,3
1,704,moulin,3
1,705,moulin,3
1,706,moulin,2
1,707,moulin,2
1,708,moulin,2
1,709,moulin,1
1,710,moulin,1
1,711,moulin,0
1,712,moulin,1
1,713,moulin,0
1,714,moulin,0
1,715,moulin,1
1,716,moulin,0
1,717,moulin,0
1,718,moulin,0
1,719,moulin,1
1,720,moulin,0
1,721,moulin,0
1,722,moulin,0
1,723,moulin,1
1,724,moulin,2
1,725,moulin,2
1,726,moulin,2
1,727,moulin,2
1,728,moulin,1
1,729,moulin,0
1,730,moulin,0
1,731,moulin,0
1,732,moulin,1
1,733,moulin,1
1,734,moulin,1
1,735,moulin,1
1,736,moulin,1
1,737,moulin,1
1,738,moulin,1
1,739,moulin,0
1,740,moulin,1
1,741,moulin,2
1,742,moulin,3
1,743,moulin,4
1,744,moulin,5
1,745,moulin,5
1,746,moulin,6
1,747,moulin,5
1,748,moulin,5
1,749,moulin,5
1,750,moulin,5
1,751,moulin,6
1,752,moulin,5
1,753,moulin,5
1,754,moulin,4
1,755,moulin,4
1,756,moulin,4
1,757,moulin,5
1,758,moulin,4
1,759,moulin,4
1,760,moulin,3
1,761,moulin,2
1,762,moulin,2
1,763,moulin,2
1,764,moulin,1
1,765,moulin,1
1,766,moulin,2
1,767,moulin,2
1,768,moulin,2
1,769,moulin,1
1,770,moulin,1
1,771,moulin,0
1,772,moulin,0
1,773,moulin,0
1,774,moulin,0
1,775,moulin,0
1,776,moulin,0
1,777,moulin,0
1,778,moulin,0
1,779,moulin,0
1,780,moulin,0
1,781,moulin,0
1,782,moulin,0
1,783,moulin,0
1,784,moulin,0
1,785,moulin,0
1,786,moulin,0
1,787,moulin,0
1,788,moulin,0
1,789,moulin,0
1,790,moulin,1
1,791,moulin,1
1,792,moulin,1
1,793,moulin,0
1,794,moulin,1
1,795,moulin,1
1,796,moulin,1
1,797,moulin,1
1,798,moulin,0
1,799,moulin,0
1,800,moulin,0
1,801,moulin,0
1,802,moulin,1
1,803,moulin,1
1,804,moulin,1
1,805,moulin,0
1,806,moulin,0
1,807,moulin,1
1,808,moulin,2
1,809,moulin,3
1,810,moulin,3
1,811,moulin,4
1,812,moulin,5
1,813,moulin,5
1,814,moulin,5
1,815,moulin,5
1,816,moulin,4
1,817,moulin,4
1,818,moulin,4
1,819,moulin,5
1,820,moulin,6
1,821,moulin,6
1,822,moulin,6
1,823,moulin,6
1,824,moulin,6
1,825,moulin,5
1,826,moulin,6
1,827,moulin,6
1,828,moulin,6
1,829,moulin,7
1,830,moulin,7
1,831,moulin,6
1,832,moulin,6
1,833,moulin,5
1,834,moulin,4
1,835,moulin,3
1,836,moulin,2
1,837,moulin,1
1,838,moulin,1
1,839,moulin,0
1,840,moulin,0
1,841,moulin,1
1,842,moulin,2
1,843,moulin,1
1,844,moulin,2
1,845,moulin,1
1,846,moulin,0
1,847,moulin,0
1,848,moulin,0
1,849,moulin,0
1,850,moulin,1
1,851,moulin,1
1,852,moulin,0
1,853,moulin,0
1,854,moulin,0
1,855,moulin,0
1,856,moulin,1
1,857,moulin,1
1,858,moulin,0
1,859,moulin,0
1,860,moulin,1
1,861,moulin,1
1,862,moulin,1
1,863,moulin,1
1,864,moulin,1
1,865,moulin,1
1,866,moulin,0
1,867,moulin,1
1,868,moulin,1
1,869,moulin,2
1,870,moulin,2
1,871,moulin,2
1,872,moulin,1
1,873,moulin,0
1,874,moulin,0
1,875,moulin,0
1,876,moulin,0
1,877,moulin,0
1,878,moulin,0
1,879,moulin,0
1,880,moulin,1
1,881,moulin,1
1,882,moulin,1
1,883,moulin,1
1,884,moulin,0
1,885,moulin,1
1,886,moulin,1
1,887,moulin,1
1,888,moulin,0
1,889,moulin,0
1,890,moulin,1
1,891,moulin,1
1,892,moulin,0
1,893,moulin,1
1,894,moulin,1
1,895,moulin,1
1,896,moulin,1
1,897,moulin,1
1,898,moulin,0
1,899,moulin,0
1,900,moulin,0
1,901,moulin,0
1,902,moulin,1
1,903,moulin,0
1,904,moulin,1
1,905,moulin,1
1,906,moulin,1
1,907,moulin,2
1,908,moulin,3
1,909,moulin,3
1,910,moulin,3
1,911,moulin,2
1,912,moulin,1
1,913,moulin,1
1,914,moulin,2
1,915,moulin,1
1,916,moulin,1
1,917,moulin,2
1,918,moulin,1
1,919,moulin,1
1,920,moulin,1
1,921,moulin,0
1,922,moulin,0
1,923,moulin,0
1,924,moulin,0
1,925,moulin,1
1,926,moulin,0
1,927,moulin,0
1,928,moulin,0
1,929,moulin,0
1,930,moulin,0
1,931,moulin,0
1,932,moulin,0
1,933,moulin,1
1,934,moulin,2
1,935,moulin,2
1,936,moulin,3
1,937,moulin,3
1,938,moulin,3
1,939,moulin,2
1,940,moulin,2
1,941,moulin,2
1,942,moulin,3
1,943,moulin,2
1,944,moulin,3
1,945,moulin,4
1,946,moulin,3
1,947,moulin,3
1,948,moulin,3
1,949,moulin,2
1,950,moulin,1
1,951,moulin,1
1,952,moulin,0
1,953,moulin,0
1,954,moulin,1
1,955,moulin,2
1,956,moulin,2
1,957,moulin,2
1,958,moulin,1
1,959,moulin,0
1,960,moulin,0
1,961,moulin,1
1,962,moulin,1
1,963,moulin,0
1,964,moulin,0
1,965,moulin,0
1,966,moulin,1
1,967,moulin,0
1,968,moulin,0
1,969,moulin,0
1,970,moulin,0
1,971,moulin,0
1,972,moulin,0
1,973,moulin,0
1,974,moulin,0
1,975,moulin,0
1,976,moulin,0
1,977,moulin,1
1,978,moulin,1
1,979,moulin,1
1,980,moulin,1
1,981,moulin,2
1,982,moulin,1
1,983,moulin,1
1,984,moulin,2
1,985,moulin,3
1,986,moulin,3
1,987,moulin,2
1,988,moulin,2
1,989,moulin,2
1,990,moulin,3
1,991,moulin,3
1,992,moulin,3
1,993,moulin,3
1,994,moulin,2
1,995,moulin,2
1,996,moulin,1
1,997,moulin,2
1,998,moulin,3
1,999,moulin,3
1,1000,moulin,3
2,0,mailly,10
2,1,mailly,10
2,2,mailly,10
2,3,mailly,9
2,4,mailly,9
2,5,mailly,9
2,6,mailly,9
2,7,mailly,8
2,8,mailly,8
2,9,mailly,8
2,10,mailly,8
2,11,mailly,8
2,12,mailly,8
2,13,mailly,8
2,14,mailly,9
2,15,mailly,9
2,16,mailly,9
2,17,mailly,9
2,18,mailly,9
2,19,mailly,10
2,20,mailly,10
2,21,mailly,9
2,22,mailly,9
2,23,mailly,9
2,24,mailly,10
2,25,mailly,10
2,26,mailly,11
2,27,mailly,11
2,28,mailly,10
2,29,mailly,10
2,30,mailly,10
2,31,mailly,11
2,32,mailly,11
2,33,mailly,10
2,34,mailly,10
2,35,mailly,10
2,36,mailly,10
2,37,mailly,9
2,38,mailly,9
2,39,mailly,9
2,40,mailly,8
2,41,mailly,9
2,42,mailly,8
2,43,mailly,7
2,44,mailly,8
2,45,mailly,8
2,46,mailly,7
2,47,mailly,7
2,48,mailly,8
2,49,mailly,8
2,50,mailly,7
2,51,mailly,8
2,52,mailly,8
2,53,mailly,9
2,54,mailly,10
2,55,mailly,9
2,56,mailly,8
2,57,mailly,8
2,58,mailly,9
2,59,mailly,8
2,60,mailly,7
2,61,mailly,7
2,62,mailly,7
2,63,mailly,7
2,64,mailly,7
2,65,mailly,7
2,66,mailly,6
2,67,mailly,6
2,68,mailly,5
2,69,mailly,5
2,70,mailly,4
2,71,mailly,4
2,72,mailly,4
2,73,mailly,3
2,74,mailly,4
2,75,mailly,3
2,76,mailly,2
2,77,mailly,2
2,78,mailly,1
2,79,mailly,0
2,80,mailly,1
2,81,mailly,1
2,82,mailly,1
2,83,mailly,0
2,84,mailly,0
2,85,mailly,0
2,86,mailly,0
2,87,mailly,1
2,88,mailly,2
2,89,mailly,1
2,90,mailly,1
2,91,mailly,1
2,92,mailly,2
2,93,mailly,2
2,94,mailly,1
2,95,mailly,2
2,96,mailly,1
2,97,mailly,1
2,98,mailly,1
2,99,mailly,1
2,100,mailly,2
2,101,mailly,3
2,102,mailly,4
2,103,mailly,4
2,104,mailly,5
2,105,mailly,5
2,106,mailly,6
2,107,mailly,5
2,108,mailly,5
2,109,mailly,4
2,110,mailly,4
2,111,mailly,4
2,112,mailly,4
2,113,mailly,3
2,114,mailly,3
2,115,mailly,2
2,116,mailly,2
2,117,mailly,1
2,118,mailly,2
2,119,mailly,2
2,120,mailly,2
2,121,mailly,1
2,122,mailly,1
2,123,mailly,0
2,124,mailly,1
2,125,mailly,2
2,126,mailly,2
2,127,mailly,2
2,128,mailly,1
2,129,mailly,0
2,130,mailly,1
2,131,mailly,1
2,132,mailly,0
2,133,mailly,1
2,134,mailly,1
2,135,mailly,1
2,136,mailly,1
2,137,mailly,1
2,138,mailly,2
2,139,mailly,2
2,140,mailly,1
2,141,mailly,0
2,142,mailly,1
2,143,mailly,1
2,144,mailly,1
2,145,mailly,0
2,146,mailly,0
2,147,mailly,1
2,148,mailly,1
2,149,mailly,1
2,150,mailly,1
2,151,mailly,2
2,152,mailly,1
2,153,mailly,1
2,154,mailly,1
2,155,mailly,1
2,156,mailly,1
2,157,mailly,0
2,158,mailly,0
2,159,mailly,0
2,160,mailly,0
2,161,mailly,1
2,162,mailly,0
2,163,mailly,0
2,164,mailly,0
2,165,mailly,0
2,166,mailly,1
2,167,mailly,0
2,168,mailly,0
2,169,mailly,0
2,170,mailly,0
2,171,mailly,0
2,172,mailly,1
2,173,mailly,2
2,174,mailly,1
2,175,mailly,1
2,176,mailly,0
2,177,mailly,0
2,178,mailly,0
2,179,mailly,1
2,180,mailly,2
2,181,mailly,3
2,182,mailly,2
2,183,mailly,1
2,184,mailly,2
2,185,mailly,2
2,186,mailly,2
2,187,mailly,2
2,188,mailly,2
2,189,mailly,3
2,190,mailly,3
2,191,mailly,3
2,192,mailly,3
2,193,mailly,3
2,194,mailly,2
2,195,mailly,1
2,196,mailly,2
2,197,mailly,3
2,198,mailly,3
2,199,mailly,3
2,200,mailly,4
2,201,mailly,3
2,202,mailly,4
2,203,mailly,4
2,204,mailly,4
2,205,mailly,3
2,206,mailly,3
2,207,mailly,4
2,208,mailly,3
2,209,mailly,4
2,210,mailly,3
2,211,mailly,3
2,212,mailly,3
2,213,mailly,3
2,214,mailly,3
2,215,mailly,4
2,216,mailly,3
2,217,mailly,4
2,218,mailly,4
2,219,mailly,3
2,220,mailly,4
2,221,mailly,3
2,222,mailly,3
2,223,mailly,3
2,224,mailly,3
2,225,mailly,3
2,226,mailly,3
2,227,mailly,2
2,228,mailly,2
2,229,mailly,2
2,230,mailly,2
2,231,mailly,2
2,232,mailly,2
2,233,mailly,2
2,234,mailly,2
2,235,mailly,2
2,236,mailly,3
2,237,mailly,2
2,238,mailly,1
2,239,mailly,0
2,240,mailly,0
2,241,mailly,0
2,242,mailly,1
2,243,mailly,1
2,244,mailly,1
2,245,mailly,0
2,246,mailly,0
2,247,mailly,1
2,248,mailly,1
2,249,mailly,1
2,250,mailly,1
2,251,mailly,2
2,252,mailly,1
2,253,mailly,1
2,254,mailly,1
2,255,mailly,0
2,256,mailly,0
2,257,mailly,0
2,258,mailly,0
2,259,mailly,1
2,260,mailly,0
2,261,mailly,0
2,262,mailly,1
2,263,mailly,1
2,264,mailly,0
2,265,mailly,0
2,266,mailly,0
2,267,mailly,0
2,268,mailly,1
2,269,mailly,1
2,270,mailly,1
2,271,mailly,1
2,272,mailly,0
2,273,mailly,0
2,274,mailly,0
2,275,mailly,0
2,276,mailly,0
2,277,mailly,1
2,278,mailly,1
2,279,mailly,1
2,280,mailly,0
2,281,mailly,1
2,282,mailly,2
2,283,mailly,1
2,284,mailly,1
2,285,mailly,1
2,286,mailly,0
2,287,mailly,1
2,288,mailly,1
2,289,mailly,0
2,290,mailly,1
2,291,mailly,1
2,292,mailly,0
2,293,mailly,0
2,294,mailly,0
2,295,mailly,1
2,296,mailly,2
2,297,mailly,2
2,298,mailly,2
2,299,mailly,3
2,300,mailly,2
2,301,mailly,2
2,302,mailly,2
2,303,mailly,2
2,304,mailly,3
2,305,mailly,4
2,306,mailly,4
2,307,mailly,3
2,308,mailly,2
2,309,mailly,2
2,310,mailly,1
2,311,mailly,1
2,312,mailly,1
2,313,mailly,1
2,314,mailly,1
2,315,mailly,0
2,316,mailly,0
2,317,mailly,1
2,318,mailly,0
2,319,mailly,0
2,320,mailly,1
2,321,mailly,1
2,322,mailly,1
2,323,mailly,2
2,324,mailly,2
2,325,mailly,2
2,326,mailly,1
2,327,mailly,1
2,328,mailly,2
2,329,mailly,3
2,330,mailly,3
2,331,mailly,3
2,332,mailly,4
2,333,mailly,3
2,334,mailly,4
2,335,mailly,4
2,336,mailly,4
2,337,mailly,4
2,338,mailly,4
2,339,mailly,3
2,340,mailly,3
2,341,mailly,3
2,342,mailly,3
2,343,mailly,3
2,344,mailly,4
2,345,mailly,3
2,346,mailly,2
2,347,mailly,3
2,348,mailly,2
2,349,mailly,2
2,350,mailly,2
2,351,mailly,3
2,352,mailly,3
2,353,mailly,3
2,354,mailly,3
2,355,mailly,3
2,356,mailly,3
2,357,mailly,4
2,358,mailly,4
2,359,mailly,4
2,360,mailly,5
2,361,mailly,5
2,362,mailly,4
2,363,mailly,3
2,364,mailly,2
2,365,mailly,2
2,366,mailly,2
2,367,mailly,3
2,368,mailly,4
2,369,mailly,5
2,370,mailly,4
2,371,mailly,3
2,372,mailly,2
2,373,mailly,2
2,374,mailly,3
2,375,mailly,2
2,376,mailly,2
2,377,mailly,2
2,378,mailly,1
2,379,mailly,1
2,380,mailly,1
2,381,mailly,0
2,382,mailly,0
2,383,mailly,0
2,384,mailly,0
2,385,mailly,1
2,386,mailly,0
2,387,mailly,1
2,388,mailly,1
2,389,mailly,0
2,390,mailly,0
2,391,mailly,1
2,392,mailly,1
2,393,mailly,0
2,394,mailly,0
2,395,mailly,0
2,396,mailly,1
2,397,mailly,0
2,398,mailly,0
2,399,mailly,0
2,400,mailly,0
2,401,mailly,0
2,402,mailly,0
2,403,mailly,1
2,404,mailly,2
2,405,mailly,1
2,406,mailly,1
2,407,mailly,0
2,408,mailly,0
2,409,mailly,0
2,410,mailly,0
2,411,mailly,1
2,412,mailly,1
2,413,mailly,1
2,414,mailly,0
2,415,mailly,0
2,416,mailly,0
2,417,mailly,0
2,418,mailly,0
2,419,mailly,1
2,420,mailly,1
2,421,mailly,0
2,422,mailly,0
2,423,mailly,0
2,424,mailly,0
2,425,mailly,1
2,426,mailly,0
2,427,mailly,0
2,428,mailly,0
2,429,mailly,0
2,430,mailly,0
2,431,mailly,0
2,432,mailly,1
2,433,mailly,0
2,434,mailly,0
2,435,mailly,1
2,436,mailly,1
2,437,mailly,2
2,438,mailly,3
2,439,mailly,4
2,440,mailly,4
2,441,mailly,4
2,442,mailly,5
2,443,mailly,5
2,444,mailly,4
2,445,mailly,4
2,446,mailly,4
2,447,mailly,3
2,448,mailly,3
2,449,mailly,4
2,450,mailly,4
2,451,mailly,3
2,452,mailly,2
2,453,mailly,2
2,454,mailly,1
2,455,mailly,0
2,456,mailly,0
2,457,mailly,1
2,458,mailly,2
2,459,mailly,2
2,460,mailly,1
2,461,mailly,1
2,462,mailly,1
2,463,mailly,1
2,464,mailly,2
2,465,mailly,2
2,466,mailly,2
2,467,mailly,1
2,468,mailly,1
2,469,mailly,1
2,470,mailly,0
2,471,mailly,1
2,472,mailly,1
2,473,mailly,0
2,474,mailly,0
2,475,mailly,1
2,476,mailly,1
2,477,mailly,2
2,478,mailly,2
2,479,mailly,2
2,480,mailly,3
2,481,mailly,2
2,482,mailly,3
2,483,mailly,3
2,484,mailly,2
2,485,mailly,2
2,486,mailly,2
2,487,mailly,1
2,488,mailly,1
2,489,mailly,2
2,490,mailly,3
2,491,mailly,2
2,492,mailly,1
2,493,mailly,1
2,494,mailly,0
2,495,mailly,0
2,496,mailly,0
2,497,mailly,0
2,498,mailly,1
2,499,mailly,0
2,500,mailly,0
2,501,mailly,0
2,502,mailly,1
2,503,mailly,1
2,504,mailly,0
2,505,mailly,0
2,506,mailly,1
2,507,mailly,1
2,508,mailly,0
2,509,mailly,0
2,510,mailly,1
2,511,mailly,0
2,512,mailly,1
2,513,mailly,1
2,514,mailly,0
2,515,mailly,1
2,516,mailly,1
2,517,mailly,2
2,518,mailly,2
2,519,mailly,1
2,520,mailly,1
2,521,mailly,0
2,522,mailly,0
2,523,mailly,1
2,524,mailly,0
2,525,mailly,1
2,526,mailly,0
2,527,mailly,0
2,528,mailly,0
2,529,mailly,0
2,530,mailly,0
2,531,mailly,0
2,532,mailly,1
2,533,mailly,1
2,534,mailly,0
2,535,mailly,0
2,536,mailly,1
2,537,mailly,0
2,538,mailly,0
2,539,mailly,0
2,540,mailly,0
2,541,mailly,0
2,542,mailly,1
2,543,mailly,1
2,544,mailly,1
2,545,mailly,2
2,546,mailly,2
2,547,mailly,1
2,548,mailly,0
2,549,mailly,1
2,550,mailly,2
2,551,mailly,2
2,552,mailly,2
2,553,mailly,2
2,554,mailly,2
2,555,mailly,3
2,556,mailly,3
2,557,mailly,3
2,558,mailly,3
2,559,mailly,4
2,560,mailly,4
2,561,mailly,4
2,562,mailly,3
2,563,mailly,3
2,564,mailly,3
2,565,mailly,3
2,566,mailly,3
2,567,mailly,3
2,568,mailly,2
2,569,mailly,2
2,570,mailly,1
2,571,mailly,2
2,572,mailly,2
2,573,mailly,2
2,574,mailly,3
2,575,mailly,2
2,576,mailly,1
2,577,mailly,1
2,578,mailly,1
2,579,mailly,1
2,580,mailly,0
2,581,mailly,0
2,582,mailly,1
2,583,mailly,1
2,584,mailly,0
2,585,mailly,1
2,586,mailly,2
2,587,mailly,3
2,588,mailly,4
2,589,mailly,4
2,590,mailly,4
2,591,mailly,4
2,592,mailly,3
2,593,mailly,2
2,594,mailly,2
2,595,mailly,1
2,596,mailly,2
2,597,mailly,3
2,598,mailly,2
2,599,mailly,3
2,600,mailly,3
2,601,mailly,2
2,602,mailly,3
2,603,mailly,2
2,604,mailly,3
2,605,mailly,4
2,606,mailly,4
2,607,mailly,4
2,608,mailly,4
2,609,mailly,3
2,610,mailly,3
2,611,mailly,3
2,612,mailly,3
2,613,mailly,2
2,614,mailly,2
2,615,mailly,3
2,616,mailly,2
2,617,mailly,2
2,618,mailly,1
2,619,mailly,2
2,620,mailly,3
2,621,mailly,3
2,622,mailly,2
2,623,mailly,1
2,624,mailly,1
2,625,mailly,1
2,626,mailly,1
2,627,mailly,2
2,628,mailly,3
2,629,mailly,2
2,630,mailly,2
2,631,mailly,2
2,632,mailly,1
2,633,mailly,0
2,634,mailly,0
2,635,mailly,1
2,636,mailly,0
2,637,mailly,0
2,638,mailly,1
2,639,mailly,1
2,640,mailly,2
2,641,mailly,2
2,642,mailly,2
2,643,mailly,2
2,644,mailly,1
2,645,mailly,1
2,646,mailly,0
2,647,mailly,0
2,648,mailly,1
2,649,mailly,1
2,650,mailly,1
2,651,mailly,2
2,652,mailly,2
2,653,mailly,1
2,654,mailly,0
2,655,mailly,1
2,656,mailly,1
2,657,mailly,1
2,658,mailly,0
2,659,mailly,0
2,660,mailly,1
2,661,mailly,2
2,662,mailly,1
2,663,mailly,1
2,664,mailly,1
2,665,mailly,1
2,666,mailly,1
2,667,mailly,0
2,668,mailly,0
2,669,mailly,0
2,670,mailly,1
2,671,mailly,1
2,672,mailly,2
2,673,mailly,2
2,674,mailly,3
2,675,mailly,2
2,676,mailly,1
2,677,mailly,1
2,678,mailly,1
2,679,mailly,2
2,680,mailly,3
2,681,mailly,2
2,682,mailly,2
2,683,mailly,2
2,684,mailly,2
2,685,mailly,2
2,686,mailly,2
2,687,mailly,1
2,688,mailly,2
2,689,mailly,1
2,690,mailly,2
2,691,mailly,3
2,692,mailly,3
2,693,mailly,3
2,694,mailly,2
2,695,mailly,1
2,696,mailly,1
2,697,mailly,2
2,698,mailly,1
2,699,mailly,0
2,700,mailly,1
2,701,mailly,0
2,702,mailly,1
2,703,mailly,1
2,704,mailly,1
2,705,mailly,2
2,706,mailly,2
2,707,mailly,3
2,708,mailly,2
2,709,mailly,1
2,710,mailly,1
2,711,mailly,0
2,712,mailly,0
2,713,mailly,1
2,714,mailly,1
2,715,mailly,1
2,716,mailly,1
2,717,mailly,1
2,718,mailly,1
2,719,mailly,2
2,720,mailly,2
2,721,mailly,2
2,722,mailly,2
2,723,mailly,2
2,724,mailly,3
2,725,mailly,4
2,726,mailly,4
2,727,mailly,5
2,728,mailly,4
2,729,mailly,3
2,730,mailly,4
2,731,mailly,4
2,732,mailly,3
2,733,mailly,3
2,734,mailly,4
2,735,mailly,5
2,736,mailly,5
2,737,mailly,5
2,738,mailly,5
2,739,mailly,5
2,740,mailly,5
2,741,mailly,4
2,742,mailly,5
2,743,mailly,6
2,744,mailly,5
2,745,mailly,4
2,746,mailly,5
2,747,mailly,4
2,748,mailly,4
2,749,mailly,3
2,750,mailly,4
2,751,mailly,3
2,752,mailly,4
2,753,mailly,4
2,754,mailly,4
2,755,mailly,5
2,756,mailly,5
2,757,mailly,4
2,758,mailly,3
2,759,mailly,3
2,760,mailly,4
2,761,mailly,3
2,762,mailly,3
2,763,mailly,4
2,764,mailly,4
2,765,mailly,3
2,766,mailly,4
2,767,mailly,3
2,768,mailly,2
2,769,mailly,2
2,770,mailly,2
2,771,mailly,3
2,772,mailly,2
2,773,mailly,1
2,774,mailly,1
2,775,mailly,1
2,776,mailly,0
2,777,mailly,0
2,778,mailly,0
2,779,mailly,1
2,780,mailly,1
2,781,mailly,1
2,782,mailly,0
2,783,mailly,1
2,784,mailly,1
2,785,mailly,1
2,786,mailly,1
2,787,mailly,1
2,788,mailly,0
2,789,mailly,1
2,790,mailly,1
2,791,mailly,2
2,792,mailly,2
2,793,mailly,2
2,794,mailly,2
2,795,mailly,2
2,796,mailly,1
2,797,mailly,0
2,798,mailly,1
2,799,mailly,1
2,800,mailly,1
2,801,mailly,0
2,802,mailly,1
2,803,mailly,1
2,804,mailly,1
2,805,mailly,1
2,806,mailly,0
2,807,mailly,0
2,808,mailly,0
2,809,mailly,1
2,810,mailly,0
2,811,mailly,1
2,812,mailly,1
2,813,mailly,1
2,814,mailly,1
2,815,mailly,1
2,816,mailly,1
2,817,mailly,0
2,818,mailly,1
2,819,mailly,1
2,820,mailly,2
2,821,mailly,2
2,822,mailly,2
2,823,mailly,2
2,824,mailly,2
2,825,mailly,2
2,826,mailly,1
2,827,mailly,1
2,828,mailly,0
2,829,mailly,1
2,830,mailly,0
2,831,mailly,0
2,832,mailly,0
2,833,mailly,1
2,834,mailly,1
2,835,mailly,1
2,836,mailly,1
2,837,mailly,0
2,838,mailly,1
2,839,mailly,0
2,840,mailly,0
2,841,mailly,1
2,842,mailly,2
2,843,mailly,1
2,844,mailly,2
2,845,mailly,1
2,846,mailly,1
2,847,mailly,1
2,848,mailly,1
2,849,mailly,0
2,850,mailly,1
2,851,mailly,1
2,852,mailly,1
2,853,mailly,1
2,854,mailly,2
2,855,mailly,2
2,856,mailly,1
2,857,mailly,1
2,858,mailly,2
2,859,mailly,3
2,860,mailly,3
2,861,mailly,4
2,862,mailly,4
2,863,mailly,3
2,864,mailly,2
2,865,mailly,1
2,866,mailly,1
2,867,mailly,1
2,868,mailly,0
2,869,mailly,0
2,870,mailly,0
2,871,mailly,0
2,872,mailly,1
2,873,mailly,1
2,874,mailly,1
2,875,mailly,0
2,876,mailly,0
2,877,mailly,1
2,878,mailly,2
2,879,mailly,2
2,880,mailly,3
2,881,mailly,3
2,882,mailly,2
2,883,mailly,3
2,884,mailly,3
2,885,mailly,3
2,886,mailly,3
2,887,mailly,3
2,888,mailly,4
2,889,mailly,4
2,890,mailly,3
2,891,mailly,3
2,892,mailly,2
2,893,mailly,3
2,894,mailly,2
2,895,mailly,3
2,896,mailly,3
2,897,mailly,3
2,898,mailly,2
2,899,mailly,1
2,900,mailly,2
2,901,mailly,1
2,902,mailly,2
2,903,mailly,1
2,904,mailly,1
2,905,mailly,1
2,906,mailly,1
2,907,mailly,1
2,908,mailly,0
2,909,mailly,1
2,910,mailly,1
2,911,mailly,1
2,912,mailly,0
2,913,mailly,0
2,914,mailly,0
2,915,mailly,1
2,916,mailly,1
2,917,mailly,1
2,918,mailly,1
2,919,mailly,2
2,920,mailly,2
2,921,mailly,2
2,922,mailly,2
2,923,mailly,2
2,924,mailly,3
2,925,mailly,3
2,926,mailly,2
2,927,mailly,3
2,928,mailly,4
2,929,mailly,5
2,930,mailly,6
2,931,mailly,7
2,932,mailly,7
2,933,mailly,7
2,934,mailly,6
2,935,mailly,6
2,936,mailly,5
2,937,mailly,4
2,938,mailly,5
2,939,mailly,6
2,940,mailly,5
2,941,mailly,4
2,942,mailly,4
2,943,mailly,3
2,944,mailly,2
2,945,mailly,2
2,946,mailly,2
2,947,mailly,1
2,948,mailly,0
2,949,mailly,0
2,950,mailly,0
2,951,mailly,1
2,952,mailly,1
2,953,mailly,1
2,954,mailly,2
2,955,mailly,1
2,956,mailly,2
2,957,mailly,3
2,958,mailly,2
2,959,mailly,2
2,960,mailly,1
2,961,mailly,2
2,962,mailly,1
2,963,mailly,0
2,964,mailly,0
2,965,mailly,0
2,966,mailly,1
2,967,mailly,1
2,968,mailly,2
2,969,mailly,1
2,970,mailly,1
2,971,mailly,0
2,972,mailly,1
2,973,mailly,0
2,974,mailly,1
2,975,mailly,0
2,976,mailly,1
2,977,mailly,1
2,978,mailly,1
2,979,mailly,2
2,980,mailly,2
2,981,mailly,2
2,982,mailly,1
2,983,mailly,1
2,984,mailly,1
2,985,mailly,0
2,986,mailly,0
2,987,mailly,0
2,988,mailly,1
2,989,mailly,1
2,990,mailly,2
2,991,mailly,2
2,992,mailly,1
2,993,mailly,1
2,994,mailly,1
2,995,mailly,2
2,996,mailly,2
2,997,mailly,2
2,998,mailly,2
2,999,mailly,3
2,1000,mailly,3
2,0,moulin,5
2,1,moulin,5
2,2,moulin,5
2,3,moulin,6
2,4,moulin,6
2,5,moulin,6
2,6,moulin,6
2,7,moulin,7
2,8,moulin,7
2,9,moulin,7
2,10,moulin,7
2,11,moulin,7
2,12,moulin,7
2,13,moulin,7
2,14,moulin,6
2,15,moulin,6
2,16,moulin,6
2,17,moulin,6
2,18,moulin,6
2,19,moulin,5
2,20,moulin,5
2,21,moulin,6
2,22,moulin,6
2,23,moulin,6
2,24,moulin,5
2,25,moulin,5
2,26,moulin,4
2,27,moulin,4
2,28,moulin,5
2,29,moulin,5
2,30,moulin,5
2,31,moulin,4
2,32,moulin,4
2,33,moulin,5
2,34,moulin,5
2,35,moulin,5
2,36,moulin,5
2,37,moulin,6
2,38,moulin,6
2,39,moulin,6
2,40,moulin,7
2,41,moulin,6
2,42,moulin,7
2,43,moulin,8
2,44,moulin,7
2,45,moulin,7
2,46,moulin,8
2,47,moulin,8
2,48,moulin,7
2,49,moulin,7
2,50,moulin,8
2,51,moulin,7
2,52,moulin,7
2,53,moulin,6
2,54,moulin,5
2,55,moulin,6
2,56,moulin,7
2,57,moulin,7
2,58,moulin,6
2,59,moulin,7
2,60,moulin,8
2,61,moulin,8
2,62,moulin,8
2,63,moulin,8
2,64,moulin,8
2,65,moulin,8
2,66,moulin,9
2,67,moulin,9
2,68,moulin,10
2,69,moulin,10
2,70,moulin,11
2,71,moulin,11
2,72,moulin,11
2,73,moulin,12
2,74,moulin,11
2,75,moulin,12
2,76,moulin,13
2,77,moulin,13
2,78,moulin,14
2,79,moulin,15
2,80,moulin,14
2,81,moulin,14
2,82,moulin,14
2,83,moulin,15
2,84,moulin,15
2,85,moulin,15
2,86,moulin,15
2,87,moulin,14
2,88,moulin,13
2,89,moulin,14
2,90,moulin,14
2,91,moulin,14
2,92,moulin,13
2,93,moulin,13
2,94,moulin,14
2,95,moulin,13
2,96,moulin,14
2,97,moulin,14
2,98,moulin,14
2,99,moulin,14
2,100,moulin,13
2,101,moulin,12
2,102,moulin,11
2,103,moulin,11
2,104,moulin,10
2,105,moulin,10
2,106,moulin,9
2,107,moulin,10
2,108,moulin,10
2,109,moulin,11
2,110,moulin,11
2,111,moulin,11
2,112,moulin,11
2,113,moulin,12
2,114,moulin,12
2,115,moulin,13
2,116,moulin,13
2,117,moulin,14
2,118,moulin,13
2,119,moulin,13
2,120,moulin,13
2,121,moulin,14
2,122,moulin,14
2,123,moulin,15
2,124,moulin,14
2,125,moulin,13
2,126,moulin,13
2,127,moulin,13
2,128,moulin,14
2,129,moulin,15
2,130,moulin,14
2,131,moulin,14
2,132,moulin,15
2,133,moulin,14
2,134,moulin,14
2,135,moulin,14
2,136,moulin,14
2,137,moulin,14
2,138,moulin,13
2,139,moulin,13
2,140,moulin,14
2,141,moulin,15
2,142,moulin,14
2,143,moulin,14
2,144,moulin,14
2,145,moulin,15
2,146,moulin,15
2,147,moulin,14
2,148,moulin,14
2,149,moulin,14
2,150,moulin,14
2,151,moulin,13
2,152,moulin,14
2,153,moulin,14
2,154,moulin,14
2,155,moulin,14
2,156,moulin,14
2,157,moulin,15
2,158,moulin,15
2,159,moulin,15
2,160,moulin,15
2,161,moulin,14
2,162,moulin,15
2,163,moulin,15
2,164,moulin,15
2,165,moulin,15
2,166,moulin,14
2,167,moulin,15
2,168,moulin,15
2,169,moulin,15
2,170,moulin,15
2,171,moulin,15
2,172,moulin,14
2,173,moulin,13
2,174,moulin,14
2,175,moulin,14
2,176,moulin,15
2,177,moulin,15
2,178,moulin,15
2,179,moulin,14
2,180,moulin,13
2,181,moulin,12
2,182,moulin,13
2,183,moulin,14
2,184,moulin,13
2,185,moulin,13
2,186,moulin,13
2,187,moulin,13
2,188,moulin,13
2,189,moulin,12
2,190,moulin,12
2,191,moulin,12
2,192,moulin,12
2,193,moulin,12
2,194,moulin,13
2,195,moulin,14
2,196,moulin,13
2,197,moulin,12
2,198,moulin,12
2,199,moulin,12
2,200,moulin,11
2,201,moulin,12
2,202,moulin,11
2,203,moulin,11
2,204,moulin,11
2,205,moulin,12
2,206,moulin,12
2,207,moulin,11
2,208,moulin,12
2,209,moulin,11
2,210,moulin,12
2,211,moulin,12
2,212,moulin,12
2,213,moulin,12
2,214,moulin,12
2,215,moulin,11
2,216,moulin,12
2,217,moulin,11
2,218,moulin,11
2,219,moulin,12
2,220,moulin,11
2,221,moulin,12
2,222,moulin,12
2,223,moulin,12
2,224,moulin,12
2,225,moulin,12
2,226,moulin,12
2,227,moulin,13
2,228,moulin,13
2,229,moulin,13
2,230,moulin,13
2,231,moulin,13
2,232,moulin,13
2,233,moulin,13
2,234,moulin,13
2,235,moulin,13
2,236,moulin,12
2,237,moulin,13
2,238,moulin,14
2,239,moulin,15
2,240,moulin,15
2,241,moulin,15
2,242,moulin,14
2,243,moulin,14
2,244,moulin,14
2,245,moulin,15
2,246,moulin,15
2,247,moulin,14
2,248,moulin,14
2,249,moulin,14
2,250,moulin,14
2,251,moulin,13
2,252,moulin,14
2,253,moulin,14
2,254,moulin,14
2,255,moulin,15
2,256,moulin,15
2,257,moulin,15
2,258,moulin,15
2,259,moulin,14
2,260,moulin,15
2,261,moulin,15
2,262,moulin,14
2,263,moulin,14
2,264,moulin,15
2,265,moulin,15
2,266,moulin,15
2,267,moulin,15
2,268,moulin,14
2,269,moulin,14
2,270,moulin,14
2,271,moulin,14
2,272,moulin,15
2,273,moulin,15
2,274,moulin,15
2,275,moulin,15
2,276,moulin,15
2,277,moulin,14
2,278,moulin,14
2,279,moulin,14
2,280,moulin,15
2,281,moulin,14
2,282,moulin,13
2,283,moulin,14
2,284,moulin,14
2,285,moulin,14
2,286,moulin,15
2,287,moulin,14
2,288,moulin,14
2,289,moulin,15
2,290,moulin,14
2,291,moulin,14
2,292,moulin,15
2,293,moulin,15
2,294,moulin,15
2,295,moulin,14
2,296,moulin,13
2,297,moulin,13
2,298,moulin,13
2,299,moulin,12
2,300,moulin,13
2,301,moulin,13
2,302,moulin,13
2,303,moulin,13
2,304,moulin,12
2,305,moulin,11
2,306,moulin,11
2,307,moulin,12
2,308,moulin,13
2,309,moulin,13
2,310,moulin,14
2,311,moulin,14
2,312,moulin,14
2,313,moulin,14
2,314,moulin,14
2,315,moulin,15
2,316,moulin,15
2,317,moulin,14
2,318,moulin,15
2,319,moulin,15
2,320,moulin,14
2,321,moulin,14
2,322,moulin,14
2,323,moulin,13
2,324,moulin,13
2,325,moulin,13
2,326,moulin,14
2,327,moulin,14
2,328,moulin,13
2,329,moulin,12
2,330,moulin,12
2,331,moulin,12
2,332,moulin,11
2,333,moulin,12
2,334,moulin,11
2,335,moulin,11
2,336,moulin,11
2,337,moulin,11
2,338,moulin,11
2,339,moulin,12
2,340,moulin,12
2,341,moulin,12
2,342,moulin,12
2,343,moulin,12
2,344,moulin,11
2,345,moulin,12
2,346,moulin,13
2,347,moulin,12
2,348,moulin,13
2,349,moulin,13
2,350,moulin,13
2,351,moulin,12
2,352,moulin,12
2,353,moulin,12
2,354,moulin,12
2,355,moulin,12
2,356,moulin,12
2,357,moulin,11
2,358,moulin,11
2,359,moulin,11
2,360,moulin,10
2,361,moulin,10
2,362,moulin,11
2,363,moulin,12
2,364,moulin,13
2,365,moulin,13
2,366,moulin,13
2,367,moulin,12
2,368,moulin,11
2,369,moulin,10
2,370,moulin,11
2,371,moulin,12
2,372,moulin,13
2,373,moulin,13
2,374,moulin,12
2,375,moulin,13
2,376,moulin,13
2,377,moulin,13
2,378,moulin,14
2,379,moulin,14
2,380,moulin,14
2,381,moulin,15
2,382,moulin,15
2,383,moulin,15
2,384,moulin,15
2,385,moulin,14
2,386,moulin,15
2,387,moulin,14
2,388,moulin,14
2,389,moulin,15
2,390,moulin,15
2,391,moulin,14
2,392,moulin,14
2,393,moulin,15
2,394,moulin,15
2,395,moulin,15
2,396,moulin,14
2,397,moulin,15
2,398,moulin,15
2,399,moulin,15
2,400,moulin,15
2,401,moulin,15
2,402,moulin,15
2,403,moulin,14
2,404,moulin,13
2,405,moulin,14
2,406,moulin,14
2,407,moulin,15
2,408,moulin,15
2,409,moulin,15
2,410,moulin,15
2,411,moulin,14
2,412,moulin,14
2,413,moulin,14
2,414,moulin,15
2,415,moulin,15
2,416,moulin,15
2,417,moulin,15
2,418,moulin,15
2,419,moulin,14
2,420,moulin,14
2,421,moulin,15
2,422,moulin,15
2,423,moulin,15
2,424,moulin,15
2,425,moulin,14
2,426,moulin,15
2,427,moulin,15
2,428,moulin,15
2,429,moulin,15
2,430,moulin,15
2,431,moulin,15
2,432,moulin,14
2,433,moulin,15
2,434,moulin,15
2,435,moulin,14
2,436,moulin,14
2,437,moulin,13
2,438,moulin,12
2,439,moulin,11
2,440,moulin,11
2,441,moulin,11
2,442,moulin,10
2,443,moulin,10
2,444,moulin,11
2,445,moulin,11
2,446,moulin,11
2,447,moulin,12
2,448,moulin,12
2,449,moulin,11
2,450,moulin,11
2,451,moulin,12
2,452,moulin,13
2,453,moulin,13
2,454,moulin,14
2,455,moulin,15
2,456,moulin,15
2,457,moulin,14
2,458,moulin,13
2,459,moulin,13
2,460,moulin,14
2,461,moulin,14
2,462,moulin,14
2,463,moulin,14
2,464,moulin,13
2,465,moulin,13
2,466,moulin,13
2,467,moulin,14
2,468,moulin,14
2,469,moulin,14
2,470,moulin,15
2,471,moulin,14
2,472,moulin,14
2,473,moulin,15
2,474,moulin,15
2,475,moulin,14
2,476,moulin,14
2,477,moulin,13
2,478,moulin,13
2,479,moulin,13
2,480,moulin,12
2,481,moulin,13
2,482,moulin,12
2,483,moulin,12
2,484,moulin,13
2,485,moulin,13
2,486,moulin,13
2,487,moulin,14
2,488,moulin,14
2,489,moulin,13
2,490,moulin,12
2,491,moulin,13
2,492,moulin,14
2,493,moulin,14
2,494,moulin,15
2,495,moulin,15
2,496,moulin,15
2,497,moulin,15
2,498,moulin,14
2,499,moulin,15
2,500,moulin,15
2,501,moulin,15
2,502,moulin,14
2,503,moulin,14
2,504,moulin,15
2,505,moulin,15
2,506,moulin,14
2,507,moulin,14
2,508,moulin,15
2,509,moulin,15
2,510,moulin,14
2,511,moulin,15
2,512,moulin,14
2,513,moulin,14
2,514,moulin,15
2,515,moulin,14
2,516,moulin,14
2,517,moulin,13
2,518,moulin,13
2,519,moulin,14
2,520,moulin,14
2,521,moulin,15
2,522,moulin,15
2,523,moulin,14
2,524,moulin,15
2,525,moulin,14
2,526,moulin,15
2,527,moulin,15
2,528,moulin,15
2,529,moulin,15
2,530,moulin,15
2,531,moulin,15
2,532,moulin,14
2,533,moulin,14
2,534,moulin,15
2,535,moulin,15
2,536,moulin,14
2,537,moulin,15
2,538,moulin,15
2,539,moulin,15
2,540,moulin,15
2,541,moulin,15
2,542,moulin,14
2,543,moulin,14
2,544,moulin,14
2,545,moulin,13
2,546,moulin,13
2,547,moulin,14
2,548,moulin,15
2,549,moulin,14
2,550,moulin,13
2,551,moulin,13
2,552,moulin,13
2,553,moulin,13
2,554,moulin,13
2,555,moulin,12
2,556,moulin,12
2,557,moulin,12
2,558,moulin,12
2,559,moulin,11
2,560,moulin,11
2,561,moulin,11
2,562,moulin,12
2,563,moulin,12
2,564,moulin,12
2,565,moulin,12
2,566,moulin,12
2,567,moulin,12
2,568,moulin,13
2,569,moulin,13
2,570,moulin,14
2,571,moulin,13
2,572,moulin,13
2,573,moulin,13
2,574,moulin,12
2,575,moulin,13
2,576,moulin,14
2,577,moulin,14
2,578,moulin,14
2,579,moulin,14
2,580,moulin,15
2,581,moulin,15
2,582,moulin,14
2,583,moulin,14
2,584,moulin,15
2,585,moulin,14
2,586,moulin,13
2,587,moulin,12
2,588,moulin,11
2,589,moulin,11
2,590,moulin,11
2,591,moulin,11
2,592,moulin,12
2,593,moulin,13
2,594,moulin,13
2,595,moulin,14
2,596,moulin,13
2,597,moulin,12
2,598,moulin,13
2,599,moulin,12
2,600,moulin,12
2,601,moulin,13
2,602,moulin,12
2,603,moulin,13
2,604,moulin,12
2,605,moulin,11
2,606,moulin,11
2,607,moulin,11
2,608,moulin,11
2,609,moulin,12
2,610,moulin,12
2,611,moulin,12
2,612,moulin,12
2,613,moulin,13
2,614,moulin,13
2,615,moulin,12
2,616,moulin,13
2,617,moulin,13
2,618,moulin,14
2,619,moulin,13
2,620,moulin,12
2,621,moulin,12
2,622,moulin,13
2,623,moulin,14
2,624,moulin,14
2,625,moulin,14
2,626,moulin,14
2,627,moulin,13
2,628,moulin,12
2,629,moulin,13
2,630,moulin,13
2,631,moulin,13
2,632,moulin,14
2,633,moulin,15
2,634,moulin,15
2,635,moulin,14
2,636,moulin,15
2,637,moulin,15
2,638,moulin,14
2,639,moulin,14
2,640,moulin,13
2,641,moulin,13
2,642,moulin,13
2,643,moulin,13
2,644,moulin,14
2,645,moulin,14
2,646,moulin,15
2,647,moulin,15
2,648,moulin,14
2,649,moulin,14
2,650,moulin,14
2,651,moulin,13
2,652,moulin,13
2,653,moulin,14
2,654,moulin,15
2,655,moulin,14
2,656,moulin,14
2,657,moulin,14
2,658,moulin,15
2,659,moulin,15
2,660,moulin,14
2,661,moulin,13
2,662,moulin,14
2,663,moulin,14
2,664,moulin,14
2,665,moulin,14
2,666,moulin,14
2,667,moulin,15
2,668,moulin,15
2,669,moulin,15
2,670,moulin,14
2,671,moulin,14
2,672,moulin,13
2,673,moulin,13
2,674,moulin,12
2,675,moulin,13
2,676,moulin,14
2,677,moulin,14
2,678,moulin,14
2,679,moulin,13
2,680,moulin,12
2,681,moulin,13
2,682,moulin,13
2,683,moulin,13
2,684,moulin,13
2,685,moulin,13
2,686,moulin,13
2,687,moulin,14
2,688,moulin,13
2,689,moulin,14
2,690,moulin,13
2,691,moulin,12
2,692,moulin,12
2,693,moulin,12
2,694,moulin,13
2,695,moulin,14
2,696,moulin,14
2,697,moulin,13
2,698,moulin,14
2,699,moulin,15
2,700,moulin,14
2,701,moulin,15
2,702,moulin,14
2,703,moulin,14
2,704,moulin,14
2,705,moulin,13
2,706,moulin,13
2,707,moulin,12
2,708,moulin,13
2,709,moulin,14
2,710,moulin,14
2,711,moulin,15
2,712,moulin,15
2,713,moulin,14
2,714,moulin,14
2,715,moulin,14
2,716,moulin,14
2,717,moulin,14
2,718,moulin,14
2,719,moulin,13
2,720,moulin,13
2,721,moulin,13
2,722,moulin,13
2,723,moulin,13
2,724,moulin,12
2,725,moulin,11
2,726,moulin,11
2,727,moulin,10
2,728,moulin,11
2,729,moulin,12
2,730,moulin,11
2,731,moulin,11
2,732,moulin,12
2,733,moulin,12
2,734,moulin,11
2,735,moulin,10
2,736,moulin,10
2,737,moulin,10
2,738,moulin,10
2,739,moulin,10
2,740,moulin,10
2,741,moulin,11
2,742,moulin,10
2,743,moulin,9
2,744,moulin,10
2,745,moulin,11
2,746,moulin,10
2,747,moulin,11
2,748,moulin,11
2,749,moulin,12
2,750,moulin,11
2,751,moulin,12
2,752,moulin,11
2,753,moulin,11
2,754,moulin,11
2,755,moulin,10
2,756,moulin,10
2,757,moulin,11
2,758,moulin,12
2,759,moulin,12
2,760,moulin,11
2,761,moulin,12
2,762,moulin,12
2,763,moulin,11
2,764,moulin,11
2,765,moulin,12
2,766,moulin,11
2,767,moulin,12
2,768,moulin,13
2,769,moulin,13
2,770,moulin,13
2,771,moulin,12
2,772,moulin,13
2,773,moulin,14
2,774,moulin,14
2,775,moulin,14
2,776,moulin,15
2,777,moulin,15
2,778,moulin,15
2,779,moulin,14
2,780,moulin,14
2,781,moulin,14
2,782,moulin,15
2,783,moulin,14
2,784,moulin,14
2,785,moulin,14
2,786,moulin,14
2,787,moulin,14
2,788,moulin,15
2,789,moulin,14
2,790,moulin,14
2,791,moulin,13
2,792,moulin,13
2,793,moulin,13
2,794,moulin,13
2,795,moulin,13
2,796,moulin,14
2,797,moulin,15
2,798,moulin,14
2,799,moulin,14
2,800,moulin,14
2,801,moulin,15
2,802,moulin,14
2,803,moulin,14
2,804,moulin,14
2,805,moulin,14
2,806,moulin,15
2,807,moulin,15
2,808,moulin,15
2,809,moulin,14
2,810,moulin,15
2,811,moulin,14
2,812,moulin,14
2,813,moulin,14
2,814,moulin,14
2,815,moulin,14
2,816,moulin,14
2,817,moulin,15
2,818,moulin,14
2,819,moulin,14
2,820,moulin,13
2,821,moulin,13
2,822,moulin,13
2,823,moulin,13
2,824,moulin,13
2,825,moulin,13
2,826,moulin,14
2,827,moulin,14
2,828,moulin,15
2,829,moulin,14
2,830,moulin,15
2,831,moulin,15
2,832,moulin,15
2,833,moulin,14
2,834,moulin,14
2,835,moulin,14
2,836,moulin,14
2,837,moulin,15
2,838,moulin,14
2,839,moulin,15
2,840,moulin,15
2,841,moulin,14
2,842,moulin,13
2,843,moulin,14
2,844,moulin,13
2,845,moulin,14
2,846,moulin,14
2,847,moulin,14
2,848,moulin,14
2,849,moulin,15
2,850,moulin,14
2,851,moulin,14
2,852,moulin,14
2,853,moulin,14
2,854,moulin,13
2,855,moulin,13
2,856,moulin,14
2,857,moulin,14
2,858,moulin,13
2,859,moulin,12
2,860,moulin,12
2,861,moulin,11
2,862,moulin,11
2,863,moulin,12
2,864,moulin,13
2,865,moulin,14
2,866,moulin,14
2,867,moulin,14
2,868,moulin,15
2,869,moulin,15
2,870,moulin,15
2,871,moulin,15
2,872,moulin,14
2,873,moulin,14
2,874,moulin,14
2,875,moulin,15
2,876,moulin,15
2,877,moulin,14
2,878,moulin,13
2,879,moulin,13
2,880,moulin,12
2,881,moulin,12
2,882,moulin,13
2,883,moulin,12
2,884,moulin,12
2,885,moulin,12
2,886,moulin,12
2,887,moulin,12
2,888,moulin,11
2,889,moulin,11
2,890,moulin,12
2,891,moulin,12
2,892,moulin,13
2,893,moulin,12
2,894,moulin,13
2,895,moulin,12
2,896,moulin,12
2,897,moulin,12
2,898,moulin,13
2,899,moulin,14
2,900,moulin,13
2,901,moulin,14
2,902,moulin,13
2,903,moulin,14
2,904,moulin,14
2,905,moulin,14
2,906,moulin,14
2,907,moulin,14
2,908,moulin,15
2,909,moulin,14
2,910,moulin,14
2,911,moulin,14
2,912,moulin,15
2,913,moulin,15
2,914,moulin,15
2,915,moulin,14
2,916,moulin,14
2,917,moulin,14
2,918,moulin,14
2,919,moulin,13
2,920,moulin,13
2,921,moulin,13
2,922,moulin,13
2,923,moulin,13
2,924,moulin,12
2,925,moulin,12
2,926,moulin,13
2,927,moulin,12
2,928,moulin,11
2,929,moulin,10
2,930,moulin,9
2,931,moulin,8
2,932,moulin,8
2,933,moulin,8
2,934,moulin,9
2,935,moulin,9
2,936,moulin,10
2,937,moulin,11
2,938,moulin,10
2,939,moulin,9
2,940,moulin,10
2,941,moulin,11
2,942,moulin,11
2,943,moulin,12
2,944,moulin,13
2,945,moulin,13
2,946,moulin,13
2,947,moulin,14
2,948,moulin,15
2,949,moulin,15
2,950,moulin,15
2,951,moulin,14
2,952,moulin,14
2,953,moulin,14
2,954,moulin,13
2,955,moulin,14
2,956,moulin,13
2,957,moulin,12
2,958,moulin,13
2,959,moulin,13
2,960,moulin,14
2,961,moulin,13
2,962,moulin,14
2,963,moulin,15
2,964,moulin,15
2,965,moulin,15
2,966,moulin,14
2,967,moulin,14
2,968,moulin,13
2,969,moulin,14
2,970,moulin,14
2,971,moulin,15
2,972,moulin,14
2,973,moulin,15
2,974,moulin,14
2,975,moulin,15
2,976,moulin,14
2,977,moulin,14
2,978,moulin,14
2,979,moulin,13
2,980,moulin,13
2,981,moulin,13
2,982,moulin,14
2,983,moulin,14
2,984,moulin,14
2,985,moulin,15
2,986,moulin,15
2,987,moulin,15
2,988,moulin,14
2,989,moulin,14
2,990,moulin,13
2,991,moulin,13
2,992,moulin,14
2,993,moulin,14
2,994,moulin,14
2,995,moulin,13
2,996,moulin,13
2,997,moulin,13
2,998,moulin,13
2,999,moulin,12
2,1000,moulin,12
